Date,Portfolio name,Program Type,Campaign Name,Retailer,Country,Status,Currency,Budget Amount,Targeting Type,Bidding strategy,Impressions,Last Year Impressions,Clicks,Last Year Clicks,Click-Thru Rate (CTR),Spend,Last Year Spend,Cost Per Click (CPC),Last Year Cost Per Click (CPC),7 Day Total Orders (#),"Total Advertising Cost of Sales (ACOS) ",Total Return on Advertising Spend (ROAS),"7 Day Total Sales "
"Jun 01, 2026",Monthly_ON,Sponsored Products,SP_Defence_260601,Amazon,United States,PAUSED,USD,$44.0,Automatic targeting,Dynamic bids - down only,3099,,30,,0.968%,$42.2,,$1.4066667000000002,$0.0,3,103.43100000000001%,0.97,$40.8
"Jun 01, 2026",Monthly_ON,Sponsored Products,SP_Keyword_260601,Amazon,United States,PAUSED,USD,$42.0,Manual targeting,Dynamic bids - down only,1435,,33,,2.3%,$43.44,,$1.3163635999999999,$0.0,11,20.935000000000002%,4.78,$207.5
"Jun 01, 2026",Monthly_ON,Sponsored Products,SP_Auto_All_260601,Amazon,United States,PAUSED,USD,$33.0,Automatic targeting,Dynamic bids - down only,26564,,133,,0.501%,$136.03,,$1.022782,$0.0,19,47.404%,2.11,$286.96
"Jun 02, 2026",Monthly_ON,Sponsored Products,SP_Auto_New_260601,Amazon,United States,PAUSED,USD,$20.1,Automatic targeting,Dynamic bids - down only,1259,,15,,1.191%,$9.81,,$0.654,$0.0,1,57.706%,1.73,$17.0
"Jun 02, 2026",Monthly_ON,Sponsored Products,SP_Keyword_260601,Amazon,United States,PAUSED,USD,$42.0,Manual targeting,Dynamic bids - down only,3066,,56,,1.8259999999999998%,$42.23,,$0.7541070999999999,$0.0,15,15.306000000000001%,6.53,$275.9
"Jun 02, 2026",Monthly_ON,Sponsored Products,SP_Defence_260601,Amazon,United States,PAUSED,USD,$44.0,Automatic targeting,Dynamic bids - down only,9207,,54,,0.587%,$37.56,,$0.6955556,$0.0,7,37.485%,2.67,$100.2
"Jun 02, 2026",Monthly_ON,Sponsored Products,SP_Auto_All_260601,Amazon,United States,PAUSED,USD,$33.0,Automatic targeting,Dynamic bids - down only,18198,,103,,0.5660000000000001%,$59.74,,$0.58,$0.0,17,25.085%,3.99,$238.15
"Jun 03, 2026",Monthly_ON,Sponsored Products,SP_Auto_All_260601,Amazon,United States,PAUSED,USD,$33.0,Automatic targeting,Dynamic bids - down only,24389,,126,,0.517%,$73.53,,$0.5835714,$0.0,17,31.202999999999996%,3.2,$235.65
"Jun 03, 2026",Monthly_ON,Sponsored Products,SP_Auto_New_260601,Amazon,United States,PAUSED,USD,$20.1,Automatic targeting,Dynamic bids - down only,3149,,31,,0.984%,$21.91,,$0.7067742,$0.0,2,57.658%,1.73,$38.0
"Jun 03, 2026",Monthly_ON,Sponsored Products,SP_Defence_260601,Amazon,United States,PAUSED,USD,$44.0,Automatic targeting,Dynamic bids - down only,18578,,109,,0.587%,$79.54,,$0.7297248000000001,$0.0,22,23.383000000000003%,4.28,$340.16
"Jun 03, 2026",Monthly_ON,Sponsored Products,SP_Keyword_260601,Amazon,United States,PAUSED,USD,$42.0,Manual targeting,Dynamic bids - down only,9401,,69,,0.734%,$295.57,,$4.2836232,$0.0,14,108.271%,0.92,$272.99
"Jun 04, 2026",Monthly_ON,Sponsored Products,SP_Keyword_260601,Amazon,United States,PAUSED,USD,$42.0,Manual targeting,Dynamic bids - down only,7135,,28,,0.392%,$131.17,,$4.6846429,$0.0,3,171.017%,0.58,$76.7
"Jun 04, 2026",Monthly_ON,Sponsored Products,SP_Defence_260601,Amazon,United States,PAUSED,USD,$44.0,Automatic targeting,Dynamic bids - down only,12766,,58,,0.45399999999999996%,$13.33,,$0.2298276,$0.0,8,10.856%,9.21,$122.79
"Jun 04, 2026",Monthly_ON,Sponsored Products,SP_Auto_All_260601,Amazon,United States,PAUSED,USD,$33.0,Automatic targeting,Dynamic bids - down only,18371,,104,,0.5660000000000001%,$61.11,,$0.5875962,$0.0,14,35.343999999999994%,2.83,$172.9
"Jun 04, 2026",Monthly_ON,Sponsored Products,SP_Auto_New_260601,Amazon,United States,PAUSED,USD,$20.1,Automatic targeting,Dynamic bids - down only,3121,,47,,1.506%,$31.24,,$0.6646809,$0.0,11,16.644000000000002%,6.01,$187.7
"Jun 05, 2026",Monthly_ON,Sponsored Products,SP_Auto_All_260601,Amazon,United States,PAUSED,USD,$33.0,Automatic targeting,Dynamic bids - down only,31956,,217,,0.679%,$127.71,,$0.5885253,$0.0,26,34.510999999999996%,2.9,$370.06
"Jun 05, 2026",Monthly_ON,Sponsored Products,SP_Keyword_260601,Amazon,United States,PAUSED,USD,$42.0,Manual targeting,Dynamic bids - down only,11303,,37,,0.327%,$137.46,,$3.7151351,$0.0,5,99.82600000000001%,1.0,$137.7
"Jun 05, 2026",Monthly_ON,Sponsored Products,SP_Auto_New_260601,Amazon,United States,PAUSED,USD,$20.1,Automatic targeting,Dynamic bids - down only,2282,,18,,0.7889999999999999%,$11.58,,$0.6433333,$0.0,2,32.167%,3.11,$36.0
"Jun 05, 2026",Monthly_ON,Sponsored Products,SP_Defence_260601,Amazon,United States,PAUSED,USD,$44.0,Automatic targeting,Dynamic bids - down only,15255,,55,,0.361%,$13.02,,$0.2367273,$0.0,9,11.292%,8.86,$115.3
"Jun 06, 2026",Monthly_ON,Sponsored Products,SP_Defence_260601,Amazon,United States,PAUSED,USD,$44.0,Automatic targeting,Dynamic bids - down only,16885,,356,,2.108%,$83.94,,$0.2357865,$0.0,79,7.074%,14.14,$1186.58
"Jun 06, 2026",Monthly_ON,Sponsored Products,SP_Keyword_260601,Amazon,United States,PAUSED,USD,$42.0,Manual targeting,Dynamic bids - down only,5588,,31,,0.555%,$145.13,,$4.6816129,$0.0,2,316.187%,0.32,$45.9
"Jun 06, 2026",Monthly_ON,Sponsored Products,SP_Auto_New_260601,Amazon,United States,PAUSED,USD,$20.1,Automatic targeting,Dynamic bids - down only,4406,,33,,0.749%,$20.8,,$0.630303,$0.0,1,148.571%,0.67,$14.0
"Jun 06, 2026",Monthly_ON,Sponsored Products,SP_Auto_All_260601,Amazon,United States,PAUSED,USD,$33.0,Automatic targeting,Dynamic bids - down only,29763,,219,,0.736%,$133.3,,$0.6086758,$0.0,26,33.614%,2.97,$396.56
"Jun 07, 2026",Monthly_ON,Sponsored Products,SP_Keyword_260601,Amazon,United States,PAUSED,USD,$42.0,Manual targeting,Dynamic bids - down only,5828,,81,,1.39%,$142.54,,$1.7597531000000002,$0.0,17,50.483%,1.98,$282.35
"Jun 07, 2026",Monthly_ON,Sponsored Products,SP_Auto_New_260601,Amazon,United States,PAUSED,USD,$20.1,Automatic targeting,Dynamic bids - down only,4441,,75,,1.6889999999999998%,$45.26,,$0.6034667,$0.0,10,27.672%,3.61,$163.56
"Jun 07, 2026",Monthly_ON,Sponsored Products,SP_Defence_260601,Amazon,United States,PAUSED,USD,$44.0,Automatic targeting,Dynamic bids - down only,14089,,187,,1.327%,$42.03,,$0.22475940000000003,$0.0,55,4.97%,20.12,$845.7
"Jun 07, 2026",Monthly_ON,Sponsored Products,SP_Auto_All_260601,Amazon,United States,PAUSED,USD,$33.0,Automatic targeting,Dynamic bids - down only,8128,,168,,2.067%,$104.71,,$0.6232738,$0.0,35,20.236%,4.94,$517.44
"Jun 08, 2026",Monthly_ON,Sponsored Products,SP_Auto_New_260601,Amazon,United States,PAUSED,USD,$20.1,Automatic targeting,Dynamic bids - down only,3227,,42,,1.302%,$26.25,,$0.625,$0.0,4,36.529%,2.74,$71.86
"Jun 08, 2026",Monthly_ON,Sponsored Products,SP_Defence_260601,Amazon,United States,PAUSED,USD,$44.0,Automatic targeting,Dynamic bids - down only,10654,,152,,1.427%,$34.94,,$0.2298684,$0.0,36,5.632000000000001%,17.75,$620.35
"Jun 08, 2026",Monthly_ON,Sponsored Products,SP_Keyword_260601,Amazon,United States,PAUSED,USD,$42.0,Manual targeting,Dynamic bids - down only,7959,,114,,1.432%,$147.09,,$1.2902632,$0.0,26,33.134%,3.02,$443.92
"Jun 08, 2026",Monthly_ON,Sponsored Products,SP_Auto_All_260601,Amazon,United States,PAUSED,USD,$33.0,Automatic targeting,Dynamic bids - down only,6592,,128,,1.942%,$79.84,,$0.62375,$0.0,16,37.875%,2.64,$210.8
"Jun 09, 2026",Monthly_ON,Sponsored Products,SP_Auto_New_260601,Amazon,United States,PAUSED,USD,$20.1,Automatic targeting,Dynamic bids - down only,3637,,93,,2.557%,$147.03,,$1.5809677,$0.0,0,0.0%,0.0,$0.0
"Jun 09, 2026",Monthly_ON,Sponsored Products,SP_Defence_260601,Amazon,United States,PAUSED,USD,$44.0,Automatic targeting,Dynamic bids - down only,9350,,161,,1.722%,$47.39,,$0.2943478,$0.0,31,11.26%,8.88,$420.88
"Jun 09, 2026",Monthly_ON,Sponsored Products,SP_Keyword_260601,Amazon,United States,PAUSED,USD,$42.0,Manual targeting,Dynamic bids - down only,2025,,113,,5.58%,$37.88,,$0.3352212,$0.0,14,20.298%,4.93,$186.62
"Jun 09, 2026",Monthly_ON,Sponsored Products,SP_Auto_All_260601,Amazon,United States,PAUSED,USD,$33.0,Automatic targeting,Dynamic bids - down only,2268,,109,,4.806%,$16.09,,$0.1476147,$0.0,24,4.797%,20.85,$335.43
"Jun 10, 2026",Monthly_ON,Sponsored Products,SP_Defence_260601,Amazon,United States,PAUSED,USD,$44.0,Automatic targeting,Dynamic bids - down only,1005,,42,,4.179%,$40.06,,$0.9538095,$0.0,3,99.776%,1.0,$40.15
"Jun 10, 2026",Monthly_ON,Sponsored Products,SP_Auto_All_260601,Amazon,United States,PAUSED,USD,$33.0,Automatic targeting,Dynamic bids - down only,7115,,158,,2.221%,$24.14,,$0.1527848,$0.0,26,7.158%,13.97,$337.24
"Jun 10, 2026",Monthly_ON,Sponsored Products,SP_Keyword_260601,Amazon,United States,PAUSED,USD,$42.0,Manual targeting,Dynamic bids - down only,3231,,129,,3.993%,$42.79,,$0.33170540000000004,$0.0,23,12.918%,7.74,$331.24
"Jun 10, 2026",Monthly_ON,Sponsored Products,SP_Auto_New_260601,Amazon,United States,PAUSED,USD,$20.1,Automatic targeting,Dynamic bids - down only,1309,,26,,1.986%,$88.09,,$3.3880768999999997,$0.0,0,0.0%,0.0,$0.0
"Jun 11, 2026",Monthly_ON,Sponsored Products,SP_Defence_260601,Amazon,United States,PAUSED,USD,$44.0,Automatic targeting,Dynamic bids - down only,3730,,39,,1.046%,$7.11,,$0.1823077,$0.0,4,19.533%,5.12,$36.4
"Jun 11, 2026",Monthly_ON,Sponsored Products,SP_Keyword_260601,Amazon,United States,PAUSED,USD,$42.0,Manual targeting,Dynamic bids - down only,4001,,126,,3.1489999999999996%,$39.17,,$0.310873,$0.0,25,11.19%,8.94,$350.04
"Jun 11, 2026",Monthly_ON,Sponsored Products,SP_Auto_New_260601,Amazon,United States,PAUSED,USD,$20.1,Automatic targeting,Dynamic bids - down only,2810,,43,,1.53%,$29.07,,$0.6760465000000001,$0.0,5,26.168000000000003%,3.82,$111.09
"Jun 11, 2026",Monthly_ON,Sponsored Products,SP_Competitor_260601,Amazon,United States,PAUSED,USD,$8.0,Manual targeting,Dynamic bids - down only,289,,3,,1.038%,$3.2,,$1.0666666999999999,$0.0,0,0.0%,0.0,$0.0
"Jun 11, 2026",Monthly_ON,Sponsored Products,SP_Auto_All_260601,Amazon,United States,PAUSED,USD,$33.0,Automatic targeting,Dynamic bids - down only,13994,,313,,2.237%,$63.25,,$0.2020767,$0.0,49,8.559999999999999%,11.68,$738.89
"Jun 12, 2026",Monthly_ON,Sponsored Products,SP_Auto_All_260601,Amazon,United States,PAUSED,USD,$33.0,Automatic targeting,Dynamic bids - down only,15553,,324,,2.083%,$71.2,,$0.2197531,$0.0,45,9.942%,10.06,$716.17
"Jun 12, 2026",Monthly_ON,Sponsored Products,SP_Keyword_260601,Amazon,United States,PAUSED,USD,$42.0,Manual targeting,Dynamic bids - down only,3603,,85,,2.359%,$26.83,,$0.3156471,$0.0,15,10.184%,9.82,$263.45
"Jun 12, 2026",Monthly_ON,Sponsored Products,SP_Auto_New_260601,Amazon,United States,PAUSED,USD,$20.1,Automatic targeting,Dynamic bids - down only,5491,,51,,0.9289999999999999%,$37.57,,$0.7366667,$0.0,3,48.167%,2.08,$78.0
"Jun 12, 2026",Monthly_ON,Sponsored Products,SP_Competitor_260601,Amazon,United States,PAUSED,USD,$8.0,Manual targeting,Dynamic bids - down only,874,,19,,2.174%,$18.69,,$0.9836842,$0.0,6,31.465%,3.18,$59.4
"Jun 12, 2026",Monthly_ON,Sponsored Products,SP_Defence_260601,Amazon,United States,PAUSED,USD,$44.0,Automatic targeting,Dynamic bids - down only,5824,,71,,1.2189999999999999%,$13.48,,$0.1898592,$0.0,12,6.808%,14.69,$197.99
"Jun 13, 2026",Monthly_ON,Sponsored Products,SP_Auto_New_260601,Amazon,United States,PAUSED,USD,$20.1,Automatic targeting,Dynamic bids - down only,5992,,60,,1.001%,$43.82,,$0.7303333000000001,$0.0,5,52.354%,1.91,$83.7
"Jun 13, 2026",Monthly_ON,Sponsored Products,SP_Defence_260601,Amazon,United States,PAUSED,USD,$44.0,Automatic targeting,Dynamic bids - down only,6799,,82,,1.206%,$15.15,,$0.1847561,$0.0,5,25.852999999999998%,3.87,$58.6
"Jun 13, 2026",Monthly_ON,Sponsored Products,SP_Auto_All_260601,Amazon,United States,PAUSED,USD,$33.0,Automatic targeting,Dynamic bids - down only,18619,,438,,2.352%,$98.37,,$0.224589,$0.0,60,12.145999999999999%,8.23,$809.91
"Jun 13, 2026",Monthly_ON,Sponsored Products,SP_Keyword_260601,Amazon,United States,PAUSED,USD,$42.0,Manual targeting,Dynamic bids - down only,4230,,100,,2.3640000000000003%,$32.3,,$0.32299999999999995,$0.0,6,46.302%,2.16,$69.76
"Jun 13, 2026",Monthly_ON,Sponsored Products,SP_Competitor_260601,Amazon,United States,PAUSED,USD,$8.0,Manual targeting,Dynamic bids - down only,452,,5,,1.106%,$5.21,,$1.042,$0.0,1,58.538999999999994%,1.71,$8.9
"Jun 14, 2026",Monthly_ON,Sponsored Products,SP_Competitor_260601,Amazon,United States,PAUSED,USD,$8.0,Manual targeting,Dynamic bids - down only,131,,3,,2.29%,$3.2,,$1.0666666999999999,$0.0,0,0.0%,0.0,$0.0
"Jun 14, 2026",Monthly_ON,Sponsored Products,SP_Keyword_260601,Amazon,United States,PAUSED,USD,$42.0,Manual targeting,Dynamic bids - down only,4470,,96,,2.1479999999999997%,$30.74,,$0.32020829999999995,$0.0,14,14.834%,6.74,$207.22
"Jun 14, 2026",Monthly_ON,Sponsored Products,SP_Auto_All_260601,Amazon,United States,PAUSED,USD,$33.0,Automatic targeting,Dynamic bids - down only,22437,,401,,1.7870000000000001%,$91.99,,$0.22940149999999998,$0.0,53,12.463000000000001%,8.02,$738.13
"Jun 14, 2026",Monthly_ON,Sponsored Products,SP_Auto_New_260601,Amazon,United States,PAUSED,USD,$20.1,Automatic targeting,Dynamic bids - down only,6084,,97,,1.5939999999999999%,$70.73,,$0.7291753,$0.0,17,25.014999999999997%,4.0,$282.75
"Jun 14, 2026",Monthly_ON,Sponsored Products,SP_Defence_260601,Amazon,United States,PAUSED,USD,$44.0,Automatic targeting,Dynamic bids - down only,6914,,64,,0.9259999999999999%,$11.94,,$0.1865625,$0.0,11,9.11%,10.98,$131.06
"Jun 15, 2026",Monthly_ON,Sponsored Products,SP_Auto_New_260601,Amazon,United States,PAUSED,USD,$20.1,Automatic targeting,Dynamic bids - down only,6170,,57,,0.924%,$38.6,,$0.677193,$0.0,2,129.097%,0.77,$29.9
"Jun 15, 2026",Monthly_ON,Sponsored Products,SP_Defence_260601,Amazon,United States,PAUSED,USD,$44.0,Automatic targeting,Dynamic bids - down only,4105,,92,,2.241%,$22.57,,$0.2453261,$0.0,11,15.326999999999998%,6.52,$147.26
"Jun 15, 2026",Monthly_ON,Sponsored Products,SP_Keyword_260601,Amazon,United States,PAUSED,USD,$42.0,Manual targeting,Dynamic bids - down only,7313,,166,,2.27%,$74.94,,$0.45144579999999995,$0.0,27,15.448%,6.47,$485.1
"Jun 15, 2026",Monthly_ON,Sponsored Products,SP_Competitor_260601,Amazon,United States,PAUSED,USD,$8.0,Manual targeting,Dynamic bids - down only,670,,3,,0.44799999999999995%,$2.08,,$0.6933333,$0.0,1,10.452%,9.57,$19.9
"Jun 15, 2026",Monthly_ON,Sponsored Products,SP_Auto_All_260601,Amazon,United States,PAUSED,USD,$33.0,Automatic targeting,Dynamic bids - down only,41820,,511,,1.222%,$147.99,,$0.2896086,$0.0,54,17.915%,5.58,$826.09
"Jun 16, 2026",Monthly_ON,Sponsored Products,SP_Competitor_260601,Amazon,United States,PAUSED,USD,$8.0,Manual targeting,Dynamic bids - down only,16163,,119,,0.736%,$98.32,,$0.8262185,$0.0,9,80.379%,1.24,$122.32
"Jun 16, 2026",Monthly_ON,Sponsored Products,SP_Defence_260601,Amazon,United States,PAUSED,USD,$44.0,Automatic targeting,Dynamic bids - down only,15274,,240,,1.5709999999999997%,$59.59,,$0.2482917,$0.0,36,12.304%,8.13,$484.33
"Jun 16, 2026",Monthly_ON,Sponsored Products,SP_Auto_All_260601,Amazon,United States,PAUSED,USD,$33.0,Automatic targeting,Dynamic bids - down only,5353,,80,,1.494%,$7.71,,$0.09637499999999999,$0.0,12,4.216%,23.72,$182.86
"Jun 16, 2026",Monthly_ON,Sponsored Products,SP_Auto_New_260601,Amazon,United States,PAUSED,USD,$20.1,Automatic targeting,Dynamic bids - down only,3300,,31,,0.9390000000000001%,$22.08,,$0.7122581,$0.0,4,41.117%,2.43,$53.7
"Jun 16, 2026",Monthly_ON,Sponsored Products,SP_Keyword_260601,Amazon,United States,PAUSED,USD,$42.0,Manual targeting,Dynamic bids - down only,6225,,121,,1.944%,$49.32,,$0.40760330000000006,$0.0,18,16.608%,6.02,$296.96
"Jun 17, 2026",Monthly_ON,Sponsored Products,SP_Defence_260601,Amazon,United States,PAUSED,USD,$44.0,Automatic targeting,Dynamic bids - down only,19416,,311,,1.6019999999999999%,$73.18,,$0.23530550000000003,$0.0,49,10.834000000000001%,9.23,$675.48
"Jun 17, 2026",Monthly_ON,Sponsored Products,SP_Auto_All_260601,Amazon,United States,PAUSED,USD,$33.0,Automatic targeting,Dynamic bids - down only,4117,,106,,2.5749999999999997%,$10.92,,$0.1030189,$0.0,15,4.714%,21.21,$231.65
"Jun 17, 2026",Monthly_ON,Sponsored Products,SP_Auto_New_260601,Amazon,United States,PAUSED,USD,$20.1,Automatic targeting,Dynamic bids - down only,113,,0,,0.0%,$0.0,,$0.0,$0.0,0,0.0%,0.0,$0.0
"Jun 17, 2026",Monthly_ON,Sponsored Products,SP_Keyword_260601,Amazon,United States,PAUSED,USD,$42.0,Manual targeting,Dynamic bids - down only,4961,,105,,2.117%,$33.88,,$0.3226667,$0.0,20,11.774999999999999%,8.49,$287.72
"Jun 17, 2026",Monthly_ON,Sponsored Products,SP_Competitor_260601,Amazon,United States,PAUSED,USD,$8.0,Manual targeting,Dynamic bids - down only,6,,0,,0.0%,$0.0,,$0.0,$0.0,0,0.0%,0.0,$0.0
"Jun 18, 2026",Monthly_ON,Sponsored Products,SP_Keyword_260601,Amazon,United States,PAUSED,USD,$42.0,Manual targeting,Dynamic bids - down only,4425,,82,,1.8530000000000002%,$26.63,,$0.32475610000000005,$0.0,12,17.376%,5.76,$153.26
"Jun 18, 2026",Monthly_ON,Sponsored Products,SP_Auto_New_260601,Amazon,United States,PAUSED,USD,$20.1,Automatic targeting,Dynamic bids - down only,56,,0,,0.0%,$0.0,,$0.0,$0.0,0,0.0%,0.0,$0.0
"Jun 18, 2026",Monthly_ON,Sponsored Products,SP_Defence_260601,Amazon,United States,PAUSED,USD,$44.0,Automatic targeting,Dynamic bids - down only,18404,,184,,1.0%,$34.47,,$0.18733699999999998,$0.0,28,9.439%,10.59,$365.19
"Jun 18, 2026",Monthly_ON,Sponsored Products,SP_Competitor_260601,Amazon,United States,PAUSED,USD,$8.0,Manual targeting,Dynamic bids - down only,215,,6,,2.791%,$1.2,,$0.2,$0.0,0,0.0%,0.0,$0.0
"Jun 18, 2026",Monthly_ON,Sponsored Products,SP_Auto_All_260601,Amazon,United States,PAUSED,USD,$33.0,Automatic targeting,Dynamic bids - down only,3598,,99,,2.752%,$10.1,,$0.10202019999999999,$0.0,15,3.936%,25.41,$256.62
"Jun 19, 2026",Monthly_ON,Sponsored Products,SP_Auto_All_260601,Amazon,United States,PAUSED,USD,$33.0,Automatic targeting,Dynamic bids - down only,3321,,103,,3.101%,$10.12,,$0.0982524,$0.0,25,2.25%,44.45,$449.86
"Jun 19, 2026",Monthly_ON,Sponsored Products,SP_Auto_New_260601,Amazon,United States,PAUSED,USD,$20.1,Automatic targeting,Dynamic bids - down only,45,,0,,0.0%,$0.0,,$0.0,$0.0,0,0.0%,0.0,$0.0
"Jun 19, 2026",Monthly_ON,Sponsored Products,SP_Defence_260601,Amazon,United States,PAUSED,USD,$44.0,Automatic targeting,Dynamic bids - down only,20554,,189,,0.9199999999999999%,$35.6,,$0.1883598,$0.0,24,11.014%,9.08,$323.22
"Jun 19, 2026",Monthly_ON,Sponsored Products,SP_Competitor_260601,Amazon,United States,PAUSED,USD,$8.0,Manual targeting,Dynamic bids - down only,240,,0,,0.0%,$0.0,,$0.0,$0.0,0,0.0%,0.0,$0.0
"Jun 19, 2026",Monthly_ON,Sponsored Products,SP_Keyword_260601,Amazon,United States,PAUSED,USD,$42.0,Manual targeting,Dynamic bids - down only,3689,,52,,1.41%,$15.92,,$0.3061538,$0.0,8,18.027%,5.55,$88.31
"Jun 20, 2026",Monthly_ON,Sponsored Products,SP_Auto_All_260601,Amazon,United States,PAUSED,USD,$33.0,Automatic targeting,Dynamic bids - down only,4700,,134,,2.851%,$13.28,,$0.09910450000000001,$0.0,21,4.9799999999999995%,20.08,$266.68
"Jun 20, 2026",Monthly_ON,Sponsored Products,SP_Competitor_260601,Amazon,United States,PAUSED,USD,$8.0,Manual targeting,Dynamic bids - down only,216,,4,,1.8519999999999999%,$0.75,,$0.1875,$0.0,0,0.0%,0.0,$0.0
"Jun 20, 2026",Monthly_ON,Sponsored Products,SP_Keyword_260601,Amazon,United States,PAUSED,USD,$42.0,Manual targeting,Dynamic bids - down only,7605,,169,,2.222%,$51.87,,$0.3069231,$0.0,40,11.777999999999999%,8.49,$440.4
"Jun 20, 2026",Monthly_ON,Sponsored Products,SP_Auto_New_260601,Amazon,United States,PAUSED,USD,$20.1,Automatic targeting,Dynamic bids - down only,66,,0,,0.0%,$0.0,,$0.0,$0.0,0,0.0%,0.0,$0.0
"Jun 20, 2026",Monthly_ON,Sponsored Products,SP_Defence_260601,Amazon,United States,PAUSED,USD,$44.0,Automatic targeting,Dynamic bids - down only,26421,,241,,0.9119999999999999%,$43.63,,$0.18103729999999998,$0.0,23,15.065999999999999%,6.64,$289.59
"Jun 21, 2026",Monthly_ON,Sponsored Products,SP_Keyword_260601,Amazon,United States,PAUSED,USD,$42.0,Manual targeting,Dynamic bids - down only,5128,,125,,2.4379999999999997%,$37.69,,$0.30152,$0.0,29,8.635%,11.58,$436.46
"Jun 21, 2026",Monthly_ON,Sponsored Products,SP_Auto_All_260601,Amazon,United States,PAUSED,USD,$33.0,Automatic targeting,Dynamic bids - down only,3619,,115,,3.1780000000000004%,$11.67,,$0.10147830000000001,$0.0,12,6.893000000000001%,14.51,$169.3
"Jun 21, 2026",Monthly_ON,Sponsored Products,SP_Competitor_260601,Amazon,United States,PAUSED,USD,$8.0,Manual targeting,Dynamic bids - down only,156,,4,,2.564%,$0.8,,$0.2,$0.0,1,4.02%,24.87,$19.9
"Jun 21, 2026",Monthly_ON,Sponsored Products,SP_Defence_260601,Amazon,United States,PAUSED,USD,$44.0,Automatic targeting,Dynamic bids - down only,22046,,257,,1.166%,$47.31,,$0.18408560000000002,$0.0,26,16.031000000000002%,6.24,$295.11
"Jun 21, 2026",Monthly_ON,Sponsored Products,SP_Auto_New_260601,Amazon,United States,PAUSED,USD,$20.1,Automatic targeting,Dynamic bids - down only,71,,1,,1.4080000000000001%,$0.1,,$0.1,$0.0,0,0.0%,0.0,$0.0
"Jun 22, 2026",Monthly_ON,Sponsored Products,SP_Competitor_260601,Amazon,United States,PAUSED,USD,$8.0,Manual targeting,Dynamic bids - down only,516,,15,,2.907%,$2.93,,$0.1953333,$0.0,1,32.921%,3.04,$8.9
"Jun 22, 2026",Monthly_ON,Sponsored Products,SP_Auto_All_260601,Amazon,United States,PAUSED,USD,$33.0,Automatic targeting,Dynamic bids - down only,36632,,286,,0.781%,$175.32,,$0.613007,$0.0,34,38.557%,2.59,$454.7
"Jun 22, 2026",Monthly_ON,Sponsored Products,SP_Defence_260601,Amazon,United States,PAUSED,USD,$44.0,Automatic targeting,Dynamic bids - down only,892,,13,,1.4569999999999999%,$2.39,,$0.18384620000000002,$0.0,2,8.951%,11.17,$26.7
"Jun 22, 2026",Monthly_ON,Sponsored Products,SP_Keyword_260601,Amazon,United States,PAUSED,USD,$42.0,Manual targeting,Dynamic bids - down only,7784,,128,,1.644%,$55.02,,$0.4298438,$0.0,29,11.543000000000001%,8.66,$476.64
"Jun 22, 2026",Monthly_ON,Sponsored Products,SP_MIX_DFC_260204_260601,Amazon,United States,PAUSED,USD,$41.0,Manual targeting,Dynamic bids - down only,1748,,36,,2.059%,$10.08,,$0.28,$0.0,7,12.519%,7.99,$80.52
"Jun 22, 2026",Monthly_ON,Sponsored Products,SP_Auto_New_260601,Amazon,United States,PAUSED,USD,$20.1,Automatic targeting,Dynamic bids - down only,539,,4,,0.742%,$4.54,,$1.135,$0.0,0,0.0%,0.0,$0.0
"Jun 23, 2026",Monthly_ON,Sponsored Products,SP_Keyword_260601,Amazon,United States,PAUSED,USD,$42.0,Manual targeting,Dynamic bids - down only,63186,,599,,0.9480000000000001%,$937.44,,$1.5650083000000001,$0.0,216,27.064%,3.69,$3463.8
"Jun 23, 2026",Monthly_ON,Sponsored Products,SP_Competitor_260601,Amazon,United States,PAUSED,USD,$8.0,Manual targeting,Dynamic bids - down only,196,,5,,2.551%,$0.92,,$0.184,$0.0,3,2.666%,37.51,$34.51
"Jun 23, 2026",Monthly_ON,Sponsored Products,SP_Auto_All_260601,Amazon,United States,PAUSED,USD,$33.0,Automatic targeting,Dynamic bids - down only,1095707,,7170,,0.654%,$8763.14,,$1.2221953,$0.0,981,66.759%,1.5,$13126.52
"Jun 23, 2026",Monthly_ON,Sponsored Products,SP_Auto_New_260601,Amazon,United States,PAUSED,USD,$20.1,Automatic targeting,Dynamic bids - down only,15490,,130,,0.839%,$183.89,,$1.4145385,$0.0,24,39.232%,2.55,$468.73
"Jun 23, 2026",Monthly_ON,Sponsored Products,SP_MIX_DFC_260204_260601,Amazon,United States,PAUSED,USD,$41.0,Manual targeting,Dynamic bids - down only,35754,,417,,1.166%,$467.41,,$1.1208873,$0.0,106,36.894%,2.71,$1266.91
"Jun 24, 2026",Monthly_ON,Sponsored Products,SP_MIX_DFC_260204_260601,Amazon,United States,PAUSED,USD,$41.0,Manual targeting,Dynamic bids - down only,92260,,541,,0.586%,$637.08,,$1.177597,$0.0,116,42.156%,2.37,$1511.24
"Jun 24, 2026",Monthly_ON,Sponsored Products,SP_Auto_All_260601,Amazon,United States,PAUSED,USD,$33.0,Automatic targeting,Dynamic bids - down only,640558,,3093,,0.483%,$5168.85,,$1.6711445,$0.0,527,72.532%,1.38,$7126.27
"Jun 24, 2026",Monthly_ON,Sponsored Products,SP_Keyword_260601,Amazon,United States,PAUSED,USD,$42.0,Manual targeting,Dynamic bids - down only,22731,,364,,1.601%,$453.04,,$1.2446154,$0.0,92,32.241%,3.1,$1405.18
"Jun 24, 2026",Monthly_ON,Sponsored Products,SP_Auto_New_260601,Amazon,United States,PAUSED,USD,$20.1,Automatic targeting,Dynamic bids - down only,10524,,88,,0.836%,$113.81,,$1.2932955000000002,$0.0,17,49.326%,2.03,$230.73
"Jun 24, 2026",Monthly_ON,Sponsored Products,SP_Competitor_260601,Amazon,United States,PAUSED,USD,$8.0,Manual targeting,Dynamic bids - down only,110,,2,,1.818%,$1.55,,$0.775,$0.0,2,4.181%,23.92,$37.07
"Jun 25, 2026",Monthly_ON,Sponsored Products,SP_MIX_DFC_260204_260601,Amazon,United States,PAUSED,USD,$41.0,Manual targeting,Dynamic bids - down only,16165,,220,,1.361%,$250.28,,$1.1376363999999999,$0.0,34,62.44%,1.6,$400.83
"Jun 25, 2026",Monthly_ON,Sponsored Products,SP_Keyword_260601,Amazon,United States,PAUSED,USD,$42.0,Manual targeting,Dynamic bids - down only,29452,,266,,0.903%,$395.36,,$1.4863158,$0.0,48,55.922000000000004%,1.79,$706.99
"Jun 25, 2026",Monthly_ON,Sponsored Products,SP_Auto_New_260601,Amazon,United States,PAUSED,USD,$20.1,Automatic targeting,Dynamic bids - down only,1283,,15,,1.169%,$25.78,,$1.7186667,$0.0,5,27.338%,3.66,$94.3
"Jun 25, 2026",Monthly_ON,Sponsored Products,SP_Auto_All_260601,Amazon,United States,PAUSED,USD,$33.0,Automatic targeting,Dynamic bids - down only,434978,,2416,,0.555%,$2574.14,,$1.0654553,$0.0,376,51.751999999999995%,1.93,$4973.98
"Jun 25, 2026",Monthly_ON,Sponsored Products,SP_Competitor_260601,Amazon,United States,PAUSED,USD,$8.0,Manual targeting,Dynamic bids - down only,12416,,41,,0.33%,$46.39,,$1.1314634,$0.0,7,62.519999999999996%,1.6,$74.2
"Jun 26, 2026",Monthly_ON,Sponsored Products,SP_Keyword_260601,Amazon,United States,PAUSED,USD,$42.0,Manual targeting,Dynamic bids - down only,188554,,998,,0.529%,$2216.16,,$2.2206012,$0.0,216,72.99799999999999%,1.37,$3035.93
"Jun 26, 2026",Monthly_ON,Sponsored Products,SP_MIX_DFC_260204_260601,Amazon,United States,PAUSED,USD,$41.0,Manual targeting,Dynamic bids - down only,273648,,1109,,0.40499999999999997%,$1898.48,,$1.7118845999999999,$0.0,192,66.152%,1.51,$2869.89
"Jun 26, 2026",Monthly_ON,Sponsored Products,SP_Competitor_260601,Amazon,United States,PAUSED,USD,$8.0,Manual targeting,Dynamic bids - down only,5269,,43,,0.8160000000000001%,$67.81,,$1.5769767,$0.0,6,118.34199999999998%,0.85,$57.3
"Jun 26, 2026",Monthly_ON,Sponsored Products,SP_Auto_New_260601,Amazon,United States,PAUSED,USD,$20.1,Automatic targeting,Dynamic bids - down only,2369,,10,,0.422%,$21.96,,$2.1959999999999997,$0.0,0,0.0%,0.0,$0.0
"Jun 26, 2026",Monthly_ON,Sponsored Products,SP_Auto_All_260601,Amazon,United States,PAUSED,USD,$33.0,Automatic targeting,Dynamic bids - down only,1829653,,4950,,0.271%,$8568.29,,$1.7309676999999999,$0.0,699,86.18900000000001%,1.16,$9941.31
"Jun 27, 2026",Monthly_ON,Sponsored Products,SP_Auto_All_260601,Amazon,United States,PAUSED,USD,$33.0,Automatic targeting,Dynamic bids - down only,2,,6,,300.0%,$9.18,,$1.53,$0.0,0,0.0%,0.0,$0.0
"Jun 27, 2026",Monthly_ON,Sponsored Products,SP_MIX_DFC_260204_260601,Amazon,United States,PAUSED,USD,$41.0,Manual targeting,Dynamic bids - down only,319,,3,,0.9400000000000001%,$3.2,,$1.0666666999999999,$0.0,0,0.0%,0.0,$0.0
"Jun 27, 2026",Monthly_ON,Sponsored Products,SP_Keyword_260601,Amazon,United States,PAUSED,USD,$42.0,Manual targeting,Dynamic bids - down only,611,,1,,0.164%,$1.05,,$1.05,$0.0,0,0.0%,0.0,$0.0
"Jun 28, 2026",Monthly_ON,Sponsored Products,SP_Auto_All_260601,Amazon,United States,PAUSED,USD,$33.0,Automatic targeting,Dynamic bids - down only,0,,1,,0.0%,$1.33,,$1.33,$0.0,0,0.0%,0.0,$0.0
"Jun 28, 2026",Monthly_ON,Sponsored Products,SP_Keyword_260601,Amazon,United States,PAUSED,USD,$42.0,Manual targeting,Dynamic bids - down only,0,,0,,0.0%,$0.0,,$0.0,$0.0,0,0.0%,0.0,$0.0
"Jul 01, 2026",Monthly_ON,Sponsored Products,SP_Keyword_260601,Amazon,United States,PAUSED,USD,$42.0,Manual targeting,Dynamic bids - down only,3164,,31,,0.98%,$40.79,,$1.3158064999999999,$0.0,4,78.745%,1.27,$51.8
"Jul 01, 2026",Monthly_ON,Sponsored Products,SP_Competitor_260601,Amazon,United States,PAUSED,USD,$8.0,Manual targeting,Dynamic bids - down only,480,,16,,3.3329999999999997%,$8.14,,$0.50875,$0.0,4,14.613999999999999%,6.84,$55.7
"Jul 01, 2026",Monthly_ON,Sponsored Products,SP_Auto_All_260601,Amazon,United States,PAUSED,USD,$33.0,Automatic targeting,Dynamic bids - down only,3910,,25,,0.639%,$34.1,,$1.364,$0.0,5,50.971999999999994%,1.96,$66.9
"Jul 01, 2026",Monthly_ON,Sponsored Products,SP_Defence_260601,Amazon,United States,PAUSED,USD,$44.0,Automatic targeting,Dynamic bids - down only,10499,,58,,0.5519999999999999%,$44.09,,$0.7601724,$0.0,2,253.39100000000002%,0.39,$17.4
"Jul 02, 2026",Monthly_ON,Sponsored Products,SP_MIX_DFC_260204_260601,Amazon,United States,PAUSED,USD,$41.0,Manual targeting,Dynamic bids - down only,69,,2,,2.899%,$1.84,,$0.92,$0.0,0,0.0%,0.0,$0.0
"Jul 02, 2026",Monthly_ON,Sponsored Products,SP_Auto_All_260601,Amazon,United States,PAUSED,USD,$33.0,Automatic targeting,Dynamic bids - down only,7716,,53,,0.687%,$32.76,,$0.6181132,$0.0,6,29.62%,3.38,$110.6
"Jul 02, 2026",Monthly_ON,Sponsored Products,SP_Keyword_260601,Amazon,United States,PAUSED,USD,$42.0,Manual targeting,Dynamic bids - down only,5899,,97,,1.644%,$34.5,,$0.35567010000000004,$0.0,12,19.371%,5.16,$178.1
"Jul 02, 2026",Monthly_ON,Sponsored Products,SP_Competitor_260601,Amazon,United States,PAUSED,USD,$8.0,Manual targeting,Dynamic bids - down only,397,,4,,1.008%,$1.19,,$0.2975,$0.0,0,0.0%,0.0,$0.0
"Jul 03, 2026",Monthly_ON,Sponsored Products,SP_MIX_DFC_260204_260601,Amazon,United States,PAUSED,USD,$41.0,Manual targeting,Dynamic bids - down only,2741,,89,,3.247%,$50.08,,$0.5626966,$0.0,11,30.114%,3.32,$166.3
"Jul 03, 2026",Monthly_ON,Sponsored Products,SP_Auto_All_260601,Amazon,United States,PAUSED,USD,$33.0,Automatic targeting,Dynamic bids - down only,6479,,52,,0.803%,$14.0,,$0.2692308,$0.0,6,11.058%,9.04,$126.6
"Jul 03, 2026",Monthly_ON,Sponsored Products,SP_Competitor_260601,Amazon,United States,PAUSED,USD,$8.0,Manual targeting,Dynamic bids - down only,329,,10,,3.04%,$2.94,,$0.294,$0.0,0,0.0%,0.0,$0.0
"Jul 03, 2026",Monthly_ON,Sponsored Products,SP_Keyword_260601,Amazon,United States,PAUSED,USD,$42.0,Manual targeting,Dynamic bids - down only,6532,,89,,1.363%,$31.73,,$0.3565169,$0.0,20,9.927999999999999%,10.07,$319.6
"Jul 04, 2026",Monthly_ON,Sponsored Products,SP_Auto_All_260601,Amazon,United States,PAUSED,USD,$33.0,Automatic targeting,Dynamic bids - down only,5565,,51,,0.9159999999999999%,$13.74,,$0.2694118,$0.0,5,17.005%,5.88,$80.8
"Jul 04, 2026",Monthly_ON,Sponsored Products,SP_Competitor_260601,Amazon,United States,PAUSED,USD,$8.0,Manual targeting,Dynamic bids - down only,342,,7,,2.0469999999999997%,$1.84,,$0.2628571,$0.0,0,0.0%,0.0,$0.0
"Jul 04, 2026",Monthly_ON,Sponsored Products,SP_MIX_DFC_260204_260601,Amazon,United States,PAUSED,USD,$41.0,Manual targeting,Dynamic bids - down only,3071,,118,,3.842%,$69.41,,$0.5882203,$0.0,22,20.301%,4.93,$341.9
"Jul 04, 2026",Monthly_ON,Sponsored Products,SP_Keyword_260601,Amazon,United States,PAUSED,USD,$42.0,Manual targeting,Dynamic bids - down only,5955,,112,,1.881%,$39.25,,$0.3504464,$0.0,16,23.075000000000003%,4.33,$170.1
"Jul 05, 2026",Monthly_ON,Sponsored Products,SP_Competitor_260601,Amazon,United States,PAUSED,USD,$8.0,Manual targeting,Dynamic bids - down only,379,,7,,1.847%,$1.88,,$0.2685714,$0.0,1,14.462%,6.91,$13.0
"Jul 05, 2026",Monthly_ON,Sponsored Products,SP_Auto_All_260601,Amazon,United States,PAUSED,USD,$33.0,Automatic targeting,Dynamic bids - down only,6057,,57,,0.941%,$14.04,,$0.2463158,$0.0,11,7.492%,13.35,$187.4
"Jul 05, 2026",Monthly_ON,Sponsored Products,SP_MIX_DFC_260204_260601,Amazon,United States,PAUSED,USD,$41.0,Manual targeting,Dynamic bids - down only,3344,,127,,3.798%,$81.31,,$0.6402361999999999,$0.0,32,16.849%,5.93,$482.57
"Jul 05, 2026",Monthly_ON,Sponsored Products,SP_Keyword_260601,Amazon,United States,PAUSED,USD,$42.0,Manual targeting,Dynamic bids - down only,6673,,151,,2.263%,$52.82,,$0.34980130000000004,$0.0,24,15.354999999999999%,6.51,$344.0
"Jul 06, 2026",Monthly_ON,Sponsored Products,SP_Keyword_260601,Amazon,United States,PAUSED,USD,$42.0,Manual targeting,Dynamic bids - down only,6341,,110,,1.735%,$40.76,,$0.37054549999999997,$0.0,18,15.463%,6.47,$263.6
"Jul 06, 2026",Monthly_ON,Sponsored Products,SP_MIX_DFC_260204_260601,Amazon,United States,PAUSED,USD,$41.0,Manual targeting,Dynamic bids - down only,3881,,113,,2.912%,$64.0,,$0.5663716999999999,$0.0,24,18.239%,5.48,$350.9
"Jul 06, 2026",Monthly_ON,Sponsored Products,SP_Auto_All_260601,Amazon,United States,PAUSED,USD,$33.0,Automatic targeting,Dynamic bids - down only,6469,,70,,1.082%,$17.05,,$0.24357140000000002,$0.0,11,9.742%,10.27,$175.02
"Jul 06, 2026",Monthly_ON,Sponsored Products,SP_Competitor_260601,Amazon,United States,PAUSED,USD,$8.0,Manual targeting,Dynamic bids - down only,320,,5,,1.5630000000000002%,$1.26,,$0.252,$0.0,1,6.192%,16.15,$20.35
"Jul 07, 2026",Monthly_ON,Sponsored Products,SP_MIX_DFC_260204_260601,Amazon,United States,PAUSED,USD,$41.0,Manual targeting,Dynamic bids - down only,4168,,131,,3.143%,$81.72,,$0.6238168000000001,$0.0,22,22.878%,4.37,$357.2
"Jul 07, 2026",Monthly_ON,Sponsored Products,SP_Competitor_260601,Amazon,United States,PAUSED,USD,$8.0,Manual targeting,Dynamic bids - down only,434,,16,,3.687%,$6.7,,$0.41875,$0.0,2,22.408%,4.46,$29.9
"Jul 07, 2026",Monthly_ON,Sponsored Products,SP_Auto_All_260601,Amazon,United States,PAUSED,USD,$33.0,Automatic targeting,Dynamic bids - down only,7373,,114,,1.546%,$34.61,,$0.3035965,$0.0,21,10.85%,9.22,$319.0
"Jul 07, 2026",Monthly_ON,Sponsored Products,SP_Keyword_260601,Amazon,United States,PAUSED,USD,$42.0,Manual targeting,Dynamic bids - down only,7147,,172,,2.407%,$60.6,,$0.3523256,$0.0,24,17.166999999999998%,5.83,$353.0
"Jul 08, 2026",Monthly_ON,Sponsored Products,SP_Auto_All_260601,Amazon,United States,PAUSED,USD,$33.0,Automatic targeting,Dynamic bids - down only,7860,,119,,1.514%,$42.69,,$0.3587395,$0.0,30,8.607%,11.62,$496.0
"Jul 08, 2026",Monthly_ON,Sponsored Products,SP_Keyword_260601,Amazon,United States,PAUSED,USD,$42.0,Manual targeting,Dynamic bids - down only,7233,,169,,2.3369999999999997%,$65.85,,$0.389645,$0.0,20,22.031%,4.54,$298.9
"Jul 08, 2026",Monthly_ON,Sponsored Products,SP_Competitor_260601,Amazon,United States,PAUSED,USD,$8.0,Manual targeting,Dynamic bids - down only,606,,17,,2.8049999999999997%,$7.23,,$0.4252941,$0.0,4,10.632%,9.41,$68.0
"Jul 08, 2026",Monthly_ON,Sponsored Products,SP_MIX_DFC_260204_260601,Amazon,United States,PAUSED,USD,$41.0,Manual targeting,Dynamic bids - down only,3646,,100,,2.743%,$44.77,,$0.44770000000000004,$0.0,23,12.598999999999998%,7.94,$355.35
"Jul 09, 2026",Monthly_ON,Sponsored Products,SP_Auto_All_260601,Amazon,United States,PAUSED,USD,$33.0,Automatic targeting,Dynamic bids - down only,8360,,166,,1.986%,$60.42,,$0.3639759,$0.0,35,9.966%,10.03,$606.25
"Jul 09, 2026",Monthly_ON,Sponsored Products,SP_Competitor_260601,Amazon,United States,PAUSED,USD,$8.0,Manual targeting,Dynamic bids - down only,543,,28,,5.157%,$12.2,,$0.4357143,$0.0,6,14.699000000000002%,6.8,$83.0
"Jul 09, 2026",Monthly_ON,Sponsored Products,SP_Keyword_260601,Amazon,United States,PAUSED,USD,$42.0,Manual targeting,Dynamic bids - down only,7643,,180,,2.355%,$68.17,,$0.3787222,$0.0,21,21.834999999999997%,4.58,$312.2
"Jul 09, 2026",Monthly_ON,Sponsored Products,SP_MIX_DFC_260204_260601,Amazon,United States,PAUSED,USD,$41.0,Manual targeting,Dynamic bids - down only,4174,,109,,2.611%,$49.4,,$0.45321100000000003,$0.0,16,23.767%,4.21,$207.85
"Jul 10, 2026",Monthly_ON,Sponsored Products,SP_Keyword_260601,Amazon,United States,PAUSED,USD,$42.0,Manual targeting,Dynamic bids - down only,7090,,144,,2.031%,$55.64,,$0.38638890000000004,$0.0,17,19.253%,5.19,$289.0
"Jul 10, 2026",Monthly_ON,Sponsored Products,SP_Competitor_260601,Amazon,United States,PAUSED,USD,$8.0,Manual targeting,Dynamic bids - down only,547,,26,,4.753%,$12.44,,$0.47846150000000004,$0.0,4,28.273%,3.54,$44.0
"Jul 10, 2026",Monthly_ON,Sponsored Products,SP_MIX_DFC_260204_260601,Amazon,United States,PAUSED,USD,$41.0,Manual targeting,Dynamic bids - down only,3626,,81,,2.234%,$34.29,,$0.42333329999999997,$0.0,16,15.085999999999999%,6.63,$227.3
"Jul 10, 2026",Monthly_ON,Sponsored Products,SP_Auto_All_260601,Amazon,United States,PAUSED,USD,$33.0,Automatic targeting,Dynamic bids - down only,6905,,110,,1.593%,$39.76,,$0.36145449999999996,$0.0,20,11.613999999999999%,8.61,$342.35
"Jul 11, 2026",Monthly_ON,Sponsored Products,SP_Auto_All_260601,Amazon,United States,PAUSED,USD,$33.0,Automatic targeting,Dynamic bids - down only,7029,,140,,1.992%,$51.54,,$0.3681429,$0.0,30,10.602%,9.43,$486.15
"Jul 11, 2026",Monthly_ON,Sponsored Products,SP_Keyword_260601,Amazon,United States,PAUSED,USD,$42.0,Manual targeting,Dynamic bids - down only,6849,,134,,1.9560000000000002%,$52.97,,$0.39529850000000005,$0.0,22,15.992999999999999%,6.25,$331.2
"Jul 11, 2026",Monthly_ON,Sponsored Products,SP_Competitor_260601,Amazon,United States,PAUSED,USD,$8.0,Manual targeting,Dynamic bids - down only,576,,21,,3.646%,$10.37,,$0.4938095,$0.0,4,19.980999999999998%,5.0,$51.9
"Jul 11, 2026",Monthly_ON,Sponsored Products,SP_MIX_DFC_260204_260601,Amazon,United States,PAUSED,USD,$41.0,Manual targeting,Dynamic bids - down only,3858,,99,,2.566%,$37.31,,$0.3768687,$0.0,22,10.238999999999999%,9.77,$364.4
"Jul 12, 2026",Monthly_ON,Sponsored Products,SP_MIX_DFC_260204_260601,Amazon,United States,PAUSED,USD,$41.0,Manual targeting,Dynamic bids - down only,6137,,135,,2.1999999999999997%,$60.72,,$0.4497778,$0.0,23,17.804000000000002%,5.62,$341.05
"Jul 12, 2026",Monthly_ON,Sponsored Products,SP_Auto_All_260601,Amazon,United States,PAUSED,USD,$33.0,Automatic targeting,Dynamic bids - down only,8426,,121,,1.436%,$45.57,,$0.37661160000000005,$0.0,27,11.584999999999999%,8.63,$393.35
"Jul 12, 2026",Monthly_ON,Sponsored Products,SP_Competitor_260601,Amazon,United States,PAUSED,USD,$8.0,Manual targeting,Dynamic bids - down only,1115,,32,,2.87%,$14.32,,$0.4475,$0.0,4,31.130000000000003%,3.21,$46.0
"Jul 12, 2026",Monthly_ON,Sponsored Products,SP_Keyword_260601,Amazon,United States,PAUSED,USD,$42.0,Manual targeting,Dynamic bids - down only,9625,,162,,1.683%,$66.87,,$0.4127778,$0.0,33,12.418%,8.05,$538.5
"Jul 13, 2026",2026_Portfolio,Sponsored Products,SP_AUTO_RICE_260713,Amazon,United States,ENABLED,USD,$75.0,Automatic targeting,Dynamic bids - up and down,20220,,126,,0.623%,$104.97,,$0.8330952,$0.0,31,24.098%,4.15,$435.6
"Jul 13, 2026",Monthly_ON,Sponsored Products,SP_Keyword_260601,Amazon,United States,PAUSED,USD,$42.0,Manual targeting,Dynamic bids - down only,1227,,12,,0.9780000000000001%,$4.46,,$0.3716667,$0.0,2,14.915999999999999%,6.7,$29.9
"Jul 13, 2026",Monthly_ON,Sponsored Products,SP_Competitor_260601,Amazon,United States,PAUSED,USD,$8.0,Manual targeting,Dynamic bids - down only,129,,8,,6.202%,$4.11,,$0.51375,$0.0,1,37.364000000000004%,2.68,$11.0
"Jul 13, 2026",2026_Portfolio,Sponsored Products,SP_DEFENCE_RICE_260713,Amazon,United States,PAUSED,USD,$50.0,Manual targeting,Dynamic bids - up and down,78,,2,,2.564%,$3.47,,$1.735,$0.0,0,0.0%,0.0,$0.0
"Jul 13, 2026",Monthly_ON,Sponsored Products,SP_Auto_All_260601,Amazon,United States,PAUSED,USD,$33.0,Automatic targeting,Dynamic bids - down only,1343,,28,,2.085%,$10.34,,$0.3692857,$0.0,5,12.051%,8.3,$85.8
"Jul 13, 2026",2026_Portfolio,Sponsored Products,SP_DEFENCE_CARROT_260713,Amazon,United States,PAUSED,USD,$30.0,Manual targeting,Dynamic bids - up and down,6,,0,,0.0%,$0.0,,$0.0,$0.0,0,0.0%,0.0,$0.0
"Jul 13, 2026",2026_Portfolio,Sponsored Products,SP_KEYWORD_RICE_Branded_260713,Amazon,United States,ENABLED,USD,$39.0,Manual targeting,Dynamic bids - up and down,3086,,27,,0.8750000000000001%,$22.16,,$0.8207407000000001,$0.0,7,20.749000000000002%,4.82,$106.8
"Jul 13, 2026",2026_Portfolio,Sponsored Products,SP_AUTO_CARROT_260713,Amazon,United States,ENABLED,USD,$65.0,Automatic targeting,Dynamic bids - up and down,13504,,68,,0.504%,$54.07,,$0.7951470999999999,$0.0,17,15.593000000000002%,6.41,$346.75
"Jul 13, 2026",2026_Portfolio,Sponsored Products,SP_COMPETITOR_RICE_Scrub Foam_260713,Amazon,United States,PAUSED,USD,$60.0,Manual targeting,Dynamic bids - up and down,107,,1,,0.935%,$0.14,,$0.14,$0.0,0,0.0%,0.0,$0.0
"Jul 13, 2026",Monthly_ON,Sponsored Products,SP_MIX_DFC_260204_260601,Amazon,United States,PAUSED,USD,$41.0,Manual targeting,Dynamic bids - down only,839,,7,,0.8340000000000001%,$2.86,,$0.40857140000000003,$0.0,1,14.054%,7.12,$20.35
"Jul 14, 2026",2026_Portfolio,Sponsored Products,SP_COMPETITOR_RICE_Scrub Foam_260713,Amazon,United States,PAUSED,USD,$60.0,Manual targeting,Dynamic bids - up and down,1326,,25,,1.8849999999999998%,$39.55,,$1.5819999999999999,$0.0,5,71.909%,1.39,$55.0
"Jul 14, 2026",2026_Portfolio,Sponsored Products,SP_AUTO_RICE_260713,Amazon,United States,ENABLED,USD,$75.0,Automatic targeting,Dynamic bids - up and down,12698,,143,,1.126%,$95.3,,$0.6664336,$0.0,15,40.194%,2.49,$237.1
"Jul 14, 2026",2026_Portfolio,Sponsored Products,SP_DEFENCE_CARROT_260713,Amazon,United States,PAUSED,USD,$30.0,Manual targeting,Dynamic bids - up and down,1501,,42,,2.798%,$29.46,,$0.7014286,$0.0,10,13.975000000000001%,7.16,$210.8
"Jul 14, 2026",2026_Portfolio,Sponsored Products,SP_KEYWORD_RICE_Branded_260713,Amazon,United States,ENABLED,USD,$39.0,Manual targeting,Dynamic bids - up and down,6102,,60,,0.983%,$66.73,,$1.1121667,$0.0,16,28.658%,3.49,$232.85
"Jul 14, 2026",2026_Portfolio,Sponsored Products,SP_DEFENCE_RICE_260713,Amazon,United States,PAUSED,USD,$50.0,Manual targeting,Dynamic bids - up and down,1750,,30,,1.714%,$30.91,,$1.0303333000000001,$0.0,4,45.058%,2.22,$68.6
"Jul 14, 2026",2026_Portfolio,Sponsored Products,SP_AUTO_CARROT_260713,Amazon,United States,ENABLED,USD,$65.0,Automatic targeting,Dynamic bids - up and down,18411,,38,,0.20600000000000002%,$47.41,,$1.2476316,$0.0,6,41.808%,2.39,$113.4
"Jul 15, 2026",2026_Portfolio,Sponsored Products,SP_AUTO_CARROT_260713,Amazon,United States,ENABLED,USD,$65.0,Automatic targeting,Dynamic bids - up and down,20046,,43,,0.215%,$47.55,,$1.105814,$0.0,1,251.58700000000002%,0.4,$18.9
"Jul 15, 2026",2026_Portfolio,Sponsored Products,SP_KEYWORD_RICE_Branded_260713,Amazon,United States,ENABLED,USD,$39.0,Manual targeting,Dynamic bids - up and down,5885,,61,,1.0370000000000001%,$63.94,,$1.0481967,$0.0,11,40.443%,2.47,$158.1
"Jul 15, 2026",2026_Portfolio,Sponsored Products,SP_AUTO_RICE_260713,Amazon,United States,ENABLED,USD,$75.0,Automatic targeting,Dynamic bids - up and down,41539,,121,,0.291%,$102.12,,$0.8439669000000001,$0.0,13,60.681%,1.65,$168.29
"Jul 15, 2026",2026_Portfolio,Sponsored Products,SP_DEFENCE_RICE_260713,Amazon,United States,PAUSED,USD,$50.0,Manual targeting,Dynamic bids - up and down,789,,29,,3.676%,$29.04,,$1.0013793,$0.0,5,36.759%,2.72,$79.0
"Jul 15, 2026",2026_Portfolio,Sponsored Products,SP_COMPETITOR_RICE_Scrub Foam_260713,Amazon,United States,PAUSED,USD,$60.0,Manual targeting,Dynamic bids - up and down,942,,24,,2.548%,$39.93,,$1.66375,$0.0,4,90.75%,1.1,$44.0
"Jul 15, 2026",2026_Portfolio,Sponsored Products,SP_DEFENCE_CARROT_260713,Amazon,United States,PAUSED,USD,$30.0,Manual targeting,Dynamic bids - up and down,1334,,32,,2.399%,$20.69,,$0.6465625,$0.0,15,7.852%,12.74,$263.51
"Jul 16, 2026",2026_Portfolio,Sponsored Products,SP_KEYWORD_RICE_Branded_260713,Amazon,United States,ENABLED,USD,$39.0,Manual targeting,Dynamic bids - up and down,6453,,58,,0.899%,$64.22,,$1.1072414000000002,$0.0,13,31.604%,3.16,$203.2
"Jul 16, 2026",2026_Portfolio,Sponsored Products,SP_DEFENCE_CARROT_260713,Amazon,United States,PAUSED,USD,$30.0,Manual targeting,Dynamic bids - up and down,1409,,33,,2.342%,$22.48,,$0.6812121000000001,$0.0,5,21.932%,4.56,$102.5
"Jul 16, 2026",2026_Portfolio,Sponsored Products,SP_AUTO_RICE_260713,Amazon,United States,ENABLED,USD,$75.0,Automatic targeting,Dynamic bids - up and down,19973,,117,,0.586%,$101.02,,$0.8634188,$0.0,20,39.111000000000004%,2.56,$258.29
"Jul 16, 2026",2026_Portfolio,Sponsored Products,SP_AUTO_CARROT_260713,Amazon,United States,ENABLED,USD,$65.0,Automatic targeting,Dynamic bids - up and down,24766,,58,,0.234%,$53.45,,$0.9215517,$0.0,10,25.820999999999998%,3.87,$207.0
"Jul 16, 2026",2026_Portfolio,Sponsored Products,SP_COMPETITOR_RICE_Scrub Foam_260713,Amazon,United States,PAUSED,USD,$60.0,Manual targeting,Dynamic bids - up and down,996,,24,,2.41%,$40.05,,$1.66875,$0.0,3,130.07500000000002%,0.77,$30.79
"Jul 16, 2026",2026_Portfolio,Sponsored Products,SP_DEFENCE_RICE_260713,Amazon,United States,PAUSED,USD,$50.0,Manual targeting,Dynamic bids - up and down,920,,27,,2.935%,$29.54,,$1.0940741,$0.0,4,67.136%,1.49,$44.0
"Jul 17, 2026",2026_Portfolio,Sponsored Products,SP_AUTO_RICE_260713,Amazon,United States,ENABLED,USD,$75.0,Automatic targeting,Dynamic bids - up and down,25694,,117,,0.455%,$105.79,,$0.904188,$0.0,17,48.022999999999996%,2.08,$220.29
"Jul 17, 2026",2026_Portfolio,Sponsored Products,SP_AUTO_CARROT_260713,Amazon,United States,ENABLED,USD,$65.0,Automatic targeting,Dynamic bids - up and down,24471,,52,,0.212%,$49.23,,$0.9467308,$0.0,11,25.462%,3.93,$193.35
"Jul 17, 2026",2026_Portfolio,Sponsored Products,SP_DEFENCE_CARROT_260713,Amazon,United States,PAUSED,USD,$30.0,Manual targeting,Dynamic bids - up and down,1516,,33,,2.177%,$22.23,,$0.6736364,$0.0,7,15.720999999999998%,6.36,$141.4
"Jul 17, 2026",2026_Portfolio,Sponsored Products,SP_COMPETITOR_RICE_Scrub Foam_260713,Amazon,United States,PAUSED,USD,$60.0,Manual targeting,Dynamic bids - up and down,556,,16,,2.878%,$40.12,,$2.5075,$0.0,1,364.727%,0.27,$11.0
"Jul 17, 2026",2026_Portfolio,Sponsored Products,SP_DEFENCE_RICE_260713,Amazon,United States,PAUSED,USD,$50.0,Manual targeting,Dynamic bids - up and down,1145,,30,,2.62%,$30.33,,$1.011,$0.0,4,72.577%,1.38,$41.79
"Jul 17, 2026",2026_Portfolio,Sponsored Products,SP_KEYWORD_RICE_Branded_260713,Amazon,United States,ENABLED,USD,$39.0,Manual targeting,Dynamic bids - up and down,6341,,64,,1.009%,$64.22,,$1.0034375,$0.0,11,40.931%,2.44,$156.9
"Jul 18, 2026",2026_Portfolio,Sponsored Products,SP_AUTO_RICE_260713,Amazon,United States,ENABLED,USD,$75.0,Automatic targeting,Dynamic bids - up and down,35940,,122,,0.33899999999999997%,$104.39,,$0.8556556999999999,$0.0,9,85.776%,1.17,$121.7
"Jul 18, 2026",2026_Portfolio,Sponsored Products,SP_DEFENCE_RICE_260713,Amazon,United States,PAUSED,USD,$50.0,Manual targeting,Dynamic bids - up and down,1306,,29,,2.221%,$29.15,,$1.0051724,$0.0,5,53.0%,1.89,$55.0
"Jul 18, 2026",2026_Portfolio,Sponsored Products,SP_DEFENCE_CARROT_260713,Amazon,United States,PAUSED,USD,$30.0,Manual targeting,Dynamic bids - up and down,1361,,39,,2.866%,$26.55,,$0.6807692,$0.0,11,10.461%,9.56,$253.8
"Jul 18, 2026",2026_Portfolio,Sponsored Products,SP_KEYWORD_RICE_Branded_260713,Amazon,United States,ENABLED,USD,$39.0,Manual targeting,Dynamic bids - up and down,7750,,57,,0.735%,$64.3,,$1.1280702,$0.0,8,53.852999999999994%,1.86,$119.4
"Jul 18, 2026",2026_Portfolio,Sponsored Products,SP_COMPETITOR_RICE_Scrub Foam_260713,Amazon,United States,PAUSED,USD,$60.0,Manual targeting,Dynamic bids - up and down,988,,17,,1.7209999999999999%,$39.66,,$2.3329412,$0.0,2,180.273%,0.55,$22.0
"Jul 18, 2026",2026_Portfolio,Sponsored Products,SP_AUTO_CARROT_260713,Amazon,United States,ENABLED,USD,$65.0,Automatic targeting,Dynamic bids - up and down,14497,,59,,0.407%,$50.4,,$0.8542373000000001,$0.0,8,34.592%,2.89,$145.7
"Jul 19, 2026",2026_Portfolio,Sponsored Products,SP_AUTO_CARROT_260713,Amazon,United States,ENABLED,USD,$65.0,Automatic targeting,Dynamic bids - up and down,25328,,80,,0.316%,$68.47,,$0.855875,$0.0,12,33.564%,2.98,$204.0
"Jul 19, 2026",2026_Portfolio,Sponsored Products,SP_COMPETITOR_RICE_Scrub Foam_260713,Amazon,United States,PAUSED,USD,$60.0,Manual targeting,Dynamic bids - up and down,1159,,17,,1.467%,$51.45,,$3.0264706,$0.0,2,246.17200000000003%,0.41,$20.9
"Jul 19, 2026",2026_Portfolio,Sponsored Products,SP_AUTO_RICE_260713,Amazon,United States,ENABLED,USD,$75.0,Automatic targeting,Dynamic bids - up and down,59343,,224,,0.377%,$197.8,,$0.8830357,$0.0,22,60.863%,1.64,$324.99
"Jul 19, 2026",2026_Portfolio,Sponsored Products,SP_DEFENCE_RICE_260713,Amazon,United States,PAUSED,USD,$50.0,Manual targeting,Dynamic bids - up and down,1291,,41,,3.1759999999999997%,$50.42,,$1.2297561000000001,$0.0,6,62.26199999999999%,1.61,$80.98
"Jul 19, 2026",2026_Portfolio,Sponsored Products,SP_DEFENCE_CARROT_260713,Amazon,United States,PAUSED,USD,$30.0,Manual targeting,Dynamic bids - up and down,1173,,37,,3.154%,$28.97,,$0.782973,$0.0,9,19.109%,5.23,$151.6
"Jul 19, 2026",2026_Portfolio,Sponsored Products,SP_KEYWORD_RICE_Branded_260713,Amazon,United States,ENABLED,USD,$39.0,Manual targeting,Dynamic bids - up and down,12705,,93,,0.732%,$100.77,,$1.0835484,$0.0,20,31.844%,3.14,$316.45
"Jul 20, 2026",2026_Portfolio,Sponsored Products,SP_DEFENCE_RICE_260713_V2,Amazon,United States,PAUSED,USD,$50.0,Manual targeting,Dynamic bids - up and down,761,,18,,2.365%,$26.74,,$1.4855556,$0.0,3,68.918%,1.45,$38.8
"Jul 20, 2026",2026_Portfolio,Sponsored Products,SP_DEFENCE_CARROT_260713,Amazon,United States,PAUSED,USD,$30.0,Manual targeting,Dynamic bids - up and down,112,,3,,2.6790000000000003%,$3.07,,$1.0233333,$0.0,2,8.977%,11.14,$34.2
"Jul 20, 2026",2026_Portfolio,Sponsored Products,SP_KEYWORD_RICE_Branded_260713,Amazon,United States,ENABLED,USD,$39.0,Manual targeting,Dynamic bids - up and down,14642,,118,,0.8059999999999999%,$120.87,,$1.024322,$0.0,27,28.583%,3.5,$422.87
"Jul 20, 2026",2026_Portfolio,Sponsored Products,SP_AUTO_RICE_260713,Amazon,United States,ENABLED,USD,$75.0,Automatic targeting,Dynamic bids - up and down,67139,,265,,0.395%,$225.68,,$0.8516226,$0.0,33,58.012%,1.72,$389.02
"Jul 20, 2026",2026_Portfolio,Sponsored Products,SP_DEFENCE_RICE_260713,Amazon,United States,PAUSED,USD,$50.0,Manual targeting,Dynamic bids - up and down,211,,10,,4.739%,$9.78,,$0.978,$0.0,0,0.0%,0.0,$0.0
"Jul 20, 2026",2026_Portfolio,Sponsored Products,SP_COMPETITOR_RICE_Scrub Foam_260713,Amazon,United States,PAUSED,USD,$60.0,Manual targeting,Dynamic bids - up and down,1947,,76,,3.903%,$101.2,,$1.3315789,$0.0,20,49.279%,2.03,$205.36
"Jul 20, 2026",2026_Portfolio,Sponsored Products,SP_AUTO_CARROT_260713,Amazon,United States,ENABLED,USD,$65.0,Automatic targeting,Dynamic bids - up and down,75720,,124,,0.164%,$98.4,,$0.7935483999999999,$0.0,15,45.45%,2.2,$216.5
"Jul 20, 2026",2026_Portfolio,Sponsored Products,SP_DEFENCE_CARROT_260713_V2,Amazon,United States,PAUSED,USD,$30.0,Manual targeting,Dynamic bids - up and down,11,,0,,0.0%,$0.0,,$0.0,$0.0,0,0.0%,0.0,$0.0
"Jul 21, 2026",2026_Portfolio,Sponsored Products,SP_KEYWORD_RICE_Branded_260713,Amazon,United States,ENABLED,USD,$39.0,Manual targeting,Dynamic bids - up and down,13033,,112,,0.859%,$106.86,,$0.9541071,$0.0,16,50.503%,1.98,$211.59
"Jul 21, 2026",2026_Portfolio,Sponsored Products,SP_AUTO_CARROT_260713,Amazon,United States,ENABLED,USD,$65.0,Automatic targeting,Dynamic bids - up and down,118209,,118,,0.1%,$87.75,,$0.7436441,$0.0,26,20.814%,4.8,$421.6
"Jul 21, 2026",2026_Portfolio,Sponsored Products,SP_COMPETITOR_RICE_Scrub Foam_260713,Amazon,United States,PAUSED,USD,$60.0,Manual targeting,Dynamic bids - up and down,1520,,50,,3.289%,$60.98,,$1.2196,$0.0,13,44.756%,2.23,$136.25
"Jul 21, 2026",2026_Portfolio,Sponsored Products,SP_AUTO_RICE_260713,Amazon,United States,ENABLED,USD,$75.0,Automatic targeting,Dynamic bids - up and down,100130,,285,,0.28500000000000003%,$202.77,,$0.7114737,$0.0,36,42.798%,2.34,$473.78
"Jul 21, 2026",2026_Portfolio,Sponsored Products,SP_DEFENCE_CARROT_260713_V2,Amazon,United States,PAUSED,USD,$30.0,Manual targeting,Dynamic bids - up and down,1312,,32,,2.439%,$16.16,,$0.505,$0.0,11,6.903%,14.49,$234.1
"Jul 21, 2026",2026_Portfolio,Sponsored Products,SP_DEFENCE_RICE_260713_V2,Amazon,United States,PAUSED,USD,$50.0,Manual targeting,Dynamic bids - up and down,1279,,26,,2.033%,$55.07,,$2.1180769,$0.0,5,69.797%,1.43,$78.9
"Jul 22, 2026",2026_Portfolio,Sponsored Products,SP_AUTO_CARROT_260713,Amazon,United States,ENABLED,USD,$65.0,Automatic targeting,Dynamic bids - up and down,156386,,138,,0.08800000000000001%,$81.33,,$0.5893478000000001,$0.0,26,19.42%,5.15,$418.8
"Jul 22, 2026",2026_Portfolio,Sponsored Products,SP_COMPETITOR_RICE_Scrub Foam_260713,Amazon,United States,PAUSED,USD,$60.0,Manual targeting,Dynamic bids - up and down,709,,40,,5.6419999999999995%,$48.83,,$1.22075,$0.0,10,52.881%,1.89,$92.34
"Jul 22, 2026",2026_Portfolio,Sponsored Products,SP_DEFENCE_CARROT_260713_V2,Amazon,United States,PAUSED,USD,$30.0,Manual targeting,Dynamic bids - up and down,1681,,33,,1.963%,$17.54,,$0.5315152,$0.0,9,12.449%,8.03,$140.9
"Jul 22, 2026",2026_Portfolio,Sponsored Products,SP_KEYWORD_RICE_Branded_260713,Amazon,United States,ENABLED,USD,$39.0,Manual targeting,Dynamic bids - up and down,9893,,102,,1.031%,$99.96,,$0.98,$0.0,17,41.65%,2.4,$240.0
"Jul 22, 2026",2026_Portfolio,Sponsored Products,SP_AUTO_RICE_260713,Amazon,United States,ENABLED,USD,$75.0,Automatic targeting,Dynamic bids - up and down,93495,,280,,0.299%,$198.93,,$0.7104643,$0.0,23,72.00800000000001%,1.39,$276.26
"Jul 22, 2026",2026_Portfolio,Sponsored Products,SP_DEFENCE_RICE_260713_V2,Amazon,United States,PAUSED,USD,$50.0,Manual targeting,Dynamic bids - up and down,4858,,74,,1.5230000000000001%,$48.21,,$0.6514865000000001,$0.0,9,41.708%,2.4,$115.59
"Jul 23, 2026",2026_Portfolio,Sponsored Products,SP_AUTO_CARROT_260713,Amazon,United States,ENABLED,USD,$65.0,Automatic targeting,Dynamic bids - up and down,39915,,62,,0.155%,$38.6,,$0.6225806,$0.0,9,28.784%,3.47,$134.1
"Jul 23, 2026",2026_Portfolio,Sponsored Products,SP_AUTO_RICE_260713,Amazon,United States,ENABLED,USD,$75.0,Automatic targeting,Dynamic bids - up and down,32256,,108,,0.335%,$76.43,,$0.7076851999999999,$0.0,23,25.462%,3.93,$300.17
"Jul 23, 2026",2026_Portfolio,Sponsored Products,SP_KEYWORD_RICE_General_260713,Amazon,United States,ENABLED,USD,$65.0,Manual targeting,Dynamic bids - up and down,3166,,28,,0.8840000000000001%,$11.83,,$0.4225,$0.0,3,43.049%,2.32,$27.48
"Jul 23, 2026",No Portfolio,Sponsored Products,SP_COMPETITOR_RICE_Starter Kit_260713,Amazon,United States,PAUSED,USD,$50.0,Manual targeting,Dynamic bids - up and down,3279,,44,,1.3419999999999999%,$44.18,,$1.0040909,$0.0,6,42.399%,2.36,$104.2
"Jul 23, 2026",2026_Portfolio,Sponsored Products,SP_KEYWORD_RICE_Branded_260713,Amazon,United States,ENABLED,USD,$39.0,Manual targeting,Dynamic bids - up and down,10438,,198,,1.897%,$44.47,,$0.224596,$0.0,15,24.224%,4.13,$183.58
"Jul 23, 2026",2026_Portfolio,Sponsored Products,SP_COMPETITOR_RICE_Scrub Foam_260713,Amazon,United States,PAUSED,USD,$60.0,Manual targeting,Dynamic bids - up and down,447,,38,,8.501%,$45.17,,$1.1886842,$0.0,8,58.089%,1.72,$77.76
"Jul 24, 2026",2026_Portfolio,Sponsored Products,SP_KEYWORD_RICE_Branded_260713,Amazon,United States,ENABLED,USD,$39.0,Manual targeting,Dynamic bids - up and down,11593,,315,,2.717%,$49.89,,$0.158381,$0.0,12,27.338%,3.66,$182.49
"Jul 24, 2026",2026_Portfolio,Sponsored Products,SP_AUTO_RICE_260713,Amazon,United States,ENABLED,USD,$75.0,Automatic targeting,Dynamic bids - up and down,39797,,166,,0.41700000000000004%,$100.96,,$0.6081928,$0.0,29,30.975%,3.23,$325.94
"Jul 24, 2026",No Portfolio,Sponsored Products,SP_COMPETITOR_RICE_Starter Kit_260713,Amazon,United States,PAUSED,USD,$50.0,Manual targeting,Dynamic bids - up and down,3294,,52,,1.5789999999999997%,$50.68,,$0.9746154,$0.0,2,222.281%,0.45,$22.8
"Jul 24, 2026",2026_Portfolio,Sponsored Products,SP_KEYWORD_RICE_General_260713,Amazon,United States,ENABLED,USD,$65.0,Manual targeting,Dynamic bids - up and down,5002,,49,,0.98%,$19.28,,$0.39346939999999997,$0.0,8,19.655%,5.09,$98.09
"Jul 24, 2026",2026_Portfolio,Sponsored Products,SP_COMPETITOR_RICE_Scrub Foam_260713,Amazon,United States,PAUSED,USD,$60.0,Manual targeting,Dynamic bids - up and down,811,,38,,4.686%,$36.14,,$0.9510526,$0.0,6,67.11200000000001%,1.49,$53.85
"Jul 24, 2026",2026_Portfolio,Sponsored Products,SP_AUTO_CARROT_260713,Amazon,United States,ENABLED,USD,$65.0,Automatic targeting,Dynamic bids - up and down,67657,,105,,0.155%,$59.22,,$0.564,$0.0,17,21.55%,4.64,$274.8
"Jul 25, 2026",2026_Portfolio,Sponsored Products,SP_AUTO_CARROT_260713,Amazon,United States,ENABLED,USD,$65.0,Automatic targeting,Dynamic bids - up and down,129195,,115,,0.089%,$54.13,,$0.4706957,$0.0,19,13.955%,7.17,$387.9
"Jul 25, 2026",2026_Portfolio,Sponsored Products,SP_COMPETITOR_RICE_Scrub Foam_260713,Amazon,United States,PAUSED,USD,$60.0,Manual targeting,Dynamic bids - up and down,1321,,52,,3.936%,$48.28,,$0.9284614999999999,$0.0,12,38.275%,2.61,$126.14
"Jul 25, 2026",2026_Portfolio,Sponsored Products,SP_AUTO_RICE_260713,Amazon,United States,ENABLED,USD,$75.0,Automatic targeting,Dynamic bids - up and down,6350,,30,,0.47200000000000003%,$91.34,,$3.0446667,$0.0,7,109.66499999999999%,0.91,$83.29
"Jul 25, 2026",2026_Portfolio,Sponsored Products,SP_KEYWORD_RICE_General_260713,Amazon,United States,ENABLED,USD,$65.0,Manual targeting,Dynamic bids - up and down,7996,,73,,0.9129999999999999%,$25.53,,$0.349726,$0.0,13,16.304%,6.13,$156.59
"Jul 25, 2026",2026_Portfolio,Sponsored Products,SP_KEYWORD_RICE_Branded_260713,Amazon,United States,ENABLED,USD,$39.0,Manual targeting,Dynamic bids - up and down,13244,,270,,2.0389999999999997%,$48.98,,$0.1814074,$0.0,11,37.078%,2.7,$132.1
"Jul 25, 2026",No Portfolio,Sponsored Products,SP_COMPETITOR_RICE_Starter Kit_260713,Amazon,United States,PAUSED,USD,$50.0,Manual targeting,Dynamic bids - up and down,2508,,46,,1.8339999999999999%,$43.66,,$0.9491303999999999,$0.0,3,112.817%,0.89,$38.7
"Jul 26, 2026",No Portfolio,Sponsored Products,SP_COMPETITOR_RICE_Starter Kit_260713,Amazon,United States,PAUSED,USD,$50.0,Manual targeting,Dynamic bids - up and down,3270,,50,,1.529%,$47.88,,$0.9576,$0.0,4,92.791%,1.08,$51.6
"Jul 26, 2026",2026_Portfolio,Sponsored Products,SP_KEYWORD_RICE_Branded_260713,Amazon,United States,ENABLED,USD,$39.0,Manual targeting,Dynamic bids - up and down,10386,,155,,1.492%,$49.52,,$0.3194839,$0.0,34,10.152999999999999%,9.85,$487.76
"Jul 26, 2026",2026_Portfolio,Sponsored Products,SP_COMPETITOR_RICE_Scrub Foam_260713,Amazon,United States,PAUSED,USD,$60.0,Manual targeting,Dynamic bids - up and down,1873,,78,,4.164000000000001%,$72.8,,$0.9333333,$0.0,17,44.22%,2.26,$164.63
"Jul 26, 2026",2026_Portfolio,Sponsored Products,SP_AUTO_CARROT_260713,Amazon,United States,ENABLED,USD,$65.0,Automatic targeting,Dynamic bids - up and down,93903,,102,,0.109%,$53.86,,$0.5280391999999999,$0.0,18,16.593%,6.03,$324.6
"Jul 26, 2026",2026_Portfolio,Sponsored Products,SP_AUTO_RICE_260713,Amazon,United States,ENABLED,USD,$75.0,Automatic targeting,Dynamic bids - up and down,48287,,162,,0.335%,$86.9,,$0.5364198,$0.0,33,20.774%,4.81,$418.31
"Jul 26, 2026",2026_Portfolio,Sponsored Products,SP_KEYWORD_RICE_General_260713,Amazon,United States,ENABLED,USD,$65.0,Manual targeting,Dynamic bids - up and down,7065,,52,,0.736%,$22.97,,$0.4417308,$0.0,4,51.629999999999995%,1.94,$44.49
"Jul 27, 2026",2026_Portfolio,Sponsored Products,SP_KEYWORD_RICE_Branded_260713,Amazon,United States,ENABLED,USD,$39.0,Manual targeting,Dynamic bids - up and down,4818,,102,,2.117%,$37.24,,$0.365098,$0.0,10,22.515%,4.44,$165.4
"Jul 27, 2026",2026_Portfolio,Sponsored Products,SP_KEYWORD_RICE_General_260713,Amazon,United States,ENABLED,USD,$65.0,Manual targeting,Dynamic bids - up and down,5643,,43,,0.762%,$31.12,,$0.7237209,$0.0,3,65.241%,1.53,$47.7
"Jul 27, 2026",No Portfolio,Sponsored Products,SP_COMPETITOR_RICE_Starter Kit_260713,Amazon,United States,PAUSED,USD,$50.0,Manual targeting,Dynamic bids - up and down,792,,10,,1.2630000000000001%,$7.71,,$0.7709999999999999,$0.0,0,0.0%,0.0,$0.0
"Jul 27, 2026",2026_Portfolio,Sponsored Products,SP_COMPETITOR_RICE_Scrub Foam_260713,Amazon,United States,PAUSED,USD,$60.0,Manual targeting,Dynamic bids - up and down,1591,,42,,2.64%,$50.19,,$1.195,$0.0,10,42.247%,2.37,$118.8
"Jul 27, 2026",2026_Portfolio,Sponsored Products,SP_AUTO_CARROT_260713,Amazon,United States,ENABLED,USD,$65.0,Automatic targeting,Dynamic bids - up and down,19396,,80,,0.41200000000000003%,$54.0,,$0.675,$0.0,7,39.301%,2.54,$137.4
"Jul 27, 2026",2026_Portfolio,Sponsored Products,SP_AUTO_RICE_260713,Amazon,United States,ENABLED,USD,$75.0,Automatic targeting,Dynamic bids - up and down,21610,,151,,0.699%,$86.09,,$0.5701325,$0.0,23,25.395%,3.94,$339.0
"Jul 28, 2026",2026_Portfolio,Sponsored Products,SP_KEYWORD_RICE_Branded_260713,Amazon,United States,ENABLED,USD,$39.0,Manual targeting,Dynamic bids - up and down,7230,,124,,1.7149999999999999%,$62.12,,$0.5009677,$0.0,20,20.962%,4.77,$296.35
"Jul 28, 2026",2026_Portfolio,Sponsored Products,SP_COMPETITOR_RICE_Scrub Foam_260713,Amazon,United States,PAUSED,USD,$60.0,Manual targeting,Dynamic bids - up and down,2612,,64,,2.45%,$89.15,,$1.3929687999999998,$0.0,17,44.775999999999996%,2.23,$199.1
"Jul 28, 2026",2026_Portfolio,Sponsored Products,SP_AUTO_CARROT_260713,Amazon,United States,ENABLED,USD,$65.0,Automatic targeting,Dynamic bids - up and down,50933,,82,,0.161%,$63.27,,$0.7715854,$0.0,10,36.153999999999996%,2.77,$175.0
"Jul 28, 2026",2026_Portfolio,Sponsored Products,SP_AUTO_RICE_260713,Amazon,United States,ENABLED,USD,$75.0,Automatic targeting,Dynamic bids - up and down,32932,,120,,0.364%,$109.03,,$0.9085833,$0.0,16,52.04299999999999%,1.92,$209.5
"Jul 28, 2026",2026_Portfolio,Sponsored Products,SP_KEYWORD_RICE_General_260713,Amazon,United States,ENABLED,USD,$65.0,Manual targeting,Dynamic bids - up and down,19900,,122,,0.613%,$98.43,,$0.8068033,$0.0,2,236.043%,0.42,$41.7
"Jul 28, 2026",No Portfolio,Sponsored Products,SP_COMPETITOR_RICE_Starter Kit_260713,Amazon,United States,PAUSED,USD,$50.0,Manual targeting,Dynamic bids - up and down,786,,19,,2.4170000000000003%,$18.02,,$0.9484211,$0.0,2,62.568999999999996%,1.6,$28.8
"Jul 29, 2026",2026_Portfolio,Sponsored Products,SP_AUTO_RICE_260713,Amazon,United States,ENABLED,USD,$75.0,Automatic targeting,Dynamic bids - up and down,23228,,120,,0.517%,$88.49,,$0.7374167,$0.0,11,58.179%,1.72,$152.1
"Jul 29, 2026",2026_Portfolio,Sponsored Products,SP_KEYWORD_RICE_General_260713,Amazon,United States,ENABLED,USD,$65.0,Manual targeting,Dynamic bids - up and down,13488,,90,,0.6669999999999999%,$50.31,,$0.5589999999999999,$0.0,1,508.18199999999996%,0.2,$9.9
"Jul 29, 2026",2026_Portfolio,Sponsored Products,SP_KEYWORD_RICE_Branded_260713,Amazon,United States,ENABLED,USD,$39.0,Manual targeting,Dynamic bids - up and down,6248,,140,,2.241%,$49.6,,$0.3542857,$0.0,17,22.054000000000002%,4.53,$224.9
"Jul 29, 2026",No Portfolio,Sponsored Products,SP_COMPETITOR_RICE_Starter Kit_260713,Amazon,United States,PAUSED,USD,$50.0,Manual targeting,Dynamic bids - up and down,1326,,36,,2.715%,$27.72,,$0.77,$0.0,2,66.475%,1.5,$41.7
"Jul 29, 2026",2026_Portfolio,Sponsored Products,SP_AUTO_CARROT_260713,Amazon,United States,ENABLED,USD,$65.0,Automatic targeting,Dynamic bids - up and down,24617,,79,,0.321%,$60.23,,$0.7624051000000001,$0.0,11,29.224%,3.42,$206.1
"Jul 29, 2026",2026_Portfolio,Sponsored Products,SP_COMPETITOR_RICE_Scrub Foam_260713,Amazon,United States,PAUSED,USD,$60.0,Manual targeting,Dynamic bids - up and down,1731,,47,,2.715%,$60.16,,$1.28,$0.0,8,75.96000000000001%,1.32,$79.2
"Jul 30, 2026",2026_Portfolio,Sponsored Products,SP_AUTO_RICE_260713,Amazon,United States,ENABLED,USD,$75.0,Automatic targeting,Dynamic bids - up and down,30833,,141,,0.457%,$98.05,,$0.6953901,$0.0,12,72.52199999999999%,1.38,$135.2
"Jul 30, 2026",2026_Portfolio,Sponsored Products,SP_COMPETITOR_RICE_Scrub Foam_260713,Amazon,United States,PAUSED,USD,$60.0,Manual targeting,Dynamic bids - up and down,46,,1,,2.174%,$1.19,,$1.19,$0.0,1,12.02%,8.32,$9.9
"Jul 30, 2026",No Portfolio,Sponsored Products,SP_COMPETITOR_RICE_Starter Kit_260713,Amazon,United States,PAUSED,USD,$50.0,Manual targeting,Dynamic bids - up and down,30,,2,,6.666999999999999%,$1.5,,$0.75,$0.0,1,10.791%,9.27,$13.9
"Jul 30, 2026",2026_Portfolio,Sponsored Products,SP_AUTO_CARROT_260713,Amazon,United States,ENABLED,USD,$65.0,Automatic targeting,Dynamic bids - up and down,29120,,83,,0.28500000000000003%,$61.13,,$0.736506,$0.0,14,22.968%,4.35,$266.15
"Jul 30, 2026",2026_Portfolio,Sponsored Products,SP_KEYWORD_RICE_General_260713,Amazon,United States,ENABLED,USD,$65.0,Manual targeting,Dynamic bids - up and down,15900,,138,,0.868%,$63.07,,$0.457029,$0.0,5,102.55300000000001%,0.98,$61.5
"Jul 30, 2026",2026_Portfolio,Sponsored Products,SP_KEYWORD_RICE_Branded_260713,Amazon,United States,ENABLED,USD,$39.0,Manual targeting,Dynamic bids - up and down,6537,,177,,2.708%,$50.24,,$0.28384180000000003,$0.0,12,27.88%,3.59,$180.2
"Jul 31, 2026",2026_Portfolio,Sponsored Products,SP_AUTO_RICE_260713,Amazon,United States,ENABLED,USD,$75.0,Automatic targeting,Dynamic bids - up and down,34015,,128,,0.376%,$93.84,,$0.733125,$0.0,16,39.428999999999995%,2.54,$238.0
"Jul 31, 2026",2026_Portfolio,Sponsored Products,SP_KEYWORD_RICE_General_260713,Amazon,United States,ENABLED,USD,$65.0,Manual targeting,Dynamic bids - up and down,13605,,86,,0.632%,$49.47,,$0.5752326,$0.0,9,45.344%,2.21,$109.1
"Jul 31, 2026",2026_Portfolio,Sponsored Products,SP_AUTO_CARROT_260713,Amazon,United States,ENABLED,USD,$65.0,Automatic targeting,Dynamic bids - up and down,24305,,81,,0.333%,$59.64,,$0.7362963,$0.0,9,34.474%,2.9,$173.0
"Jul 31, 2026",2026_Portfolio,Sponsored Products,SP_KEYWORD_RICE_Branded_260713,Amazon,United States,ENABLED,USD,$39.0,Manual targeting,Dynamic bids - up and down,7683,,224,,2.916%,$52.09,,$0.23254460000000002,$0.0,4,119.472%,0.84,$43.6
"Aug 01, 2026",2026_Portfolio,Sponsored Products,SP_KEYWORD_RICE_General_260713,Amazon,United States,ENABLED,USD,$65.0,Manual targeting,Dynamic bids - up and down,10712,,139,,1.298%,$65.39,,$0.4704317,$0.0,15,37.43%,2.67,$174.7
"Aug 01, 2026",2026_Portfolio,Sponsored Products,SP_AUTO_CARROT_260713,Amazon,United States,ENABLED,USD,$65.0,Automatic targeting,Dynamic bids - up and down,12775,,45,,0.35200000000000004%,$34.4,,$0.7644444,$0.0,11,16.006999999999998%,6.25,$214.9
"Aug 01, 2026",2026_Portfolio,Sponsored Products,SP_AUTO_RICE_260713,Amazon,United States,ENABLED,USD,$75.0,Automatic targeting,Dynamic bids - up and down,31204,,115,,0.369%,$82.94,,$0.7212174,$0.0,11,66.887%,1.5,$124.0
"Aug 01, 2026",2026_Portfolio,Sponsored Products,SP_KEYWORD_RICE_Branded_260713,Amazon,United States,ENABLED,USD,$39.0,Manual targeting,Dynamic bids - up and down,3802,,84,,2.2089999999999996%,$27.84,,$0.33142859999999996,$0.0,5,41.739%,2.4,$66.7
"Aug 02, 2026",2026_Portfolio,Sponsored Products,SP_AUTO_CARROT_260713,Amazon,United States,ENABLED,USD,$65.0,Automatic targeting,Dynamic bids - up and down,10054,,46,,0.45799999999999996%,$34.17,,$0.7428261,$0.0,5,36.159%,2.77,$94.5
"Aug 02, 2026",2026_Portfolio,Sponsored Products,SP_AUTO_RICE_260713,Amazon,United States,ENABLED,USD,$75.0,Automatic targeting,Dynamic bids - up and down,20877,,132,,0.632%,$85.17,,$0.6452273,$0.0,8,84.91499999999999%,1.18,$100.3
"Aug 02, 2026",2026_Portfolio,Sponsored Products,SP_KEYWORD_RICE_Branded_260713,Amazon,United States,ENABLED,USD,$39.0,Manual targeting,Dynamic bids - up and down,2942,,82,,2.787%,$27.38,,$0.3339024,$0.0,10,23.543%,4.25,$116.3
"Aug 02, 2026",2026_Portfolio,Sponsored Products,SP_KEYWORD_RICE_General_260713,Amazon,United States,ENABLED,USD,$65.0,Manual targeting,Dynamic bids - up and down,11961,,196,,1.6389999999999998%,$64.71,,$0.3301531,$0.0,6,73.119%,1.37,$88.5
"Aug 03, 2026",2026_Portfolio,Sponsored Products,SP_KEYWORD_RICE_Branded_260713,Amazon,United States,ENABLED,USD,$39.0,Manual targeting,Dynamic bids - up and down,4761,,118,,2.478%,$34.68,,$0.2938983,$0.0,7,39.231%,2.55,$88.4
"Aug 03, 2026",2026_Portfolio,Sponsored Products,SP_AUTO_RICE_260713,Amazon,United States,ENABLED,USD,$75.0,Automatic targeting,Dynamic bids - up and down,12846,,179,,1.393%,$90.37,,$0.5048603,$0.0,12,59.848%,1.67,$151.0
"Aug 03, 2026",2026_Portfolio,Sponsored Products,SP_AUTO_CARROT_260713,Amazon,United States,ENABLED,USD,$65.0,Automatic targeting,Dynamic bids - up and down,7080,,54,,0.763%,$37.68,,$0.6977778000000001,$0.0,16,13.727%,7.29,$274.5
"Aug 03, 2026",2026_Portfolio,Sponsored Products,SP_KEYWORD_RICE_General_260713,Amazon,United States,ENABLED,USD,$65.0,Manual targeting,Dynamic bids - up and down,7280,,161,,2.212%,$30.83,,$0.19149069999999999,$0.0,5,50.129999999999995%,1.99,$61.5
"Aug 04, 2026",2026_Portfolio,Sponsored Products,SP_KEYWORD_RICE_Branded_260713,Amazon,United States,ENABLED,USD,$39.0,Manual targeting,Dynamic bids - up and down,7949,,124,,1.5599999999999998%,$36.33,,$0.2929839,$0.0,11,27.711999999999996%,3.61,$131.1
"Aug 04, 2026",2026_Portfolio,Sponsored Products,SP_AUTO_RICE_260713,Amazon,United States,ENABLED,USD,$75.0,Automatic targeting,Dynamic bids - up and down,14292,,180,,1.2590000000000001%,$83.58,,$0.4643333,$0.0,15,41.102%,2.43,$203.35
"Aug 04, 2026",2026_Portfolio,Sponsored Products,SP_KEYWORD_RICE_General_260713,Amazon,United States,ENABLED,USD,$65.0,Manual targeting,Dynamic bids - up and down,2099,,11,,0.524%,$6.18,,$0.5618182,$0.0,2,20.808%,4.81,$29.7
"Aug 04, 2026",2026_Portfolio,Sponsored Products,SP_AUTO_CARROT_260713,Amazon,United States,ENABLED,USD,$65.0,Automatic targeting,Dynamic bids - up and down,5746,,56,,0.975%,$35.92,,$0.6414286,$0.0,14,13.437%,7.44,$267.32
"Aug 05, 2026",2026_Portfolio,Sponsored Products,SP_AUTO_RICE_260713,Amazon,United States,ENABLED,USD,$75.0,Automatic targeting,Dynamic bids - up and down,15624,,254,,1.6260000000000001%,$105.81,,$0.4165748,$0.0,17,50.919000000000004%,1.96,$207.8
"Aug 05, 2026",2026_Portfolio,Sponsored Products,SP_KEYWORD_RICE_General_260713,Amazon,United States,ENABLED,USD,$65.0,Manual targeting,Dynamic bids - up and down,1769,,12,,0.6779999999999999%,$6.18,,$0.515,$0.0,0,0.0%,0.0,$0.0
"Aug 05, 2026",2026_Portfolio,Sponsored Products,SP_KEYWORD_RICE_Branded_260713,Amazon,United States,ENABLED,USD,$39.0,Manual targeting,Dynamic bids - up and down,4333,,94,,2.169%,$40.44,,$0.43021279999999995,$0.0,13,24.823999999999998%,4.03,$162.91
"Aug 05, 2026",2026_Portfolio,Sponsored Products,SP_AUTO_CARROT_260713,Amazon,United States,ENABLED,USD,$65.0,Automatic targeting,Dynamic bids - up and down,9711,,68,,0.7000000000000001%,$39.93,,$0.5872059000000001,$0.0,10,21.353%,4.68,$187.0
"Aug 06, 2026",2026_Portfolio,Sponsored Products,SP_KEYWORD_RICE_Branded_260713,Amazon,United States,ENABLED,USD,$39.0,Manual targeting,Dynamic bids - up and down,7047,,139,,1.9720000000000002%,$53.76,,$0.3867626,$0.0,8,41.934%,2.38,$128.2
"Aug 06, 2026",2026_Portfolio,Sponsored Products,SP_AUTO_RICE_260713,Amazon,United States,ENABLED,USD,$75.0,Automatic targeting,Dynamic bids - up and down,16685,,174,,1.043%,$95.93,,$0.5513218,$0.0,19,38.007000000000005%,2.63,$252.4
"Aug 06, 2026",2026_Portfolio,Sponsored Products,SP_AUTO_CARROT_260713,Amazon,United States,ENABLED,USD,$65.0,Automatic targeting,Dynamic bids - up and down,10903,,80,,0.734%,$48.31,,$0.603875,$0.0,13,20.362%,4.91,$237.25
"Aug 06, 2026",2026_Portfolio,Sponsored Products,SP_KEYWORD_RICE_General_260713,Amazon,United States,ENABLED,USD,$65.0,Manual targeting,Dynamic bids - up and down,1630,,8,,0.49100000000000005%,$5.1,,$0.6375,$0.0,0,0.0%,0.0,$0.0
"Aug 07, 2026",2026_Portfolio,Sponsored Products,SP_KEYWORD_RICE_General_260713,Amazon,United States,ENABLED,USD,$65.0,Manual targeting,Dynamic bids - up and down,2123,,14,,0.659%,$6.06,,$0.4328571,$0.0,0,0.0%,0.0,$0.0
"Aug 07, 2026",2026_Portfolio,Sponsored Products,SP_AUTO_CARROT_260713,Amazon,United States,ENABLED,USD,$65.0,Automatic targeting,Dynamic bids - up and down,9684,,52,,0.5369999999999999%,$31.55,,$0.6067308,$0.0,14,12.350999999999999%,8.1,$255.45
"Aug 07, 2026",2026_Portfolio,Sponsored Products,SP_KEYWORD_RICE_Branded_260713,Amazon,United States,ENABLED,USD,$39.0,Manual targeting,Dynamic bids - up and down,5011,,110,,2.1950000000000003%,$30.7,,$0.2790909,$0.0,10,23.382%,4.28,$131.3
"Aug 07, 2026",2026_Portfolio,Sponsored Products,SP_AUTO_RICE_260713,Amazon,United States,ENABLED,USD,$75.0,Automatic targeting,Dynamic bids - up and down,14450,,134,,0.927%,$75.13,,$0.5606716,$0.0,18,30.118000000000002%,3.32,$249.45
"Aug 08, 2026",2026_Portfolio,Sponsored Products,SP_KEYWORD_RICE_Branded_260713,Amazon,United States,ENABLED,USD,$39.0,Manual targeting,Dynamic bids - up and down,5796,,125,,2.157%,$29.39,,$0.23512,$0.0,11,18.566%,5.39,$158.3
"Aug 08, 2026",2026_Portfolio,Sponsored Products,SP_AUTO_RICE_260713,Amazon,United States,ENABLED,USD,$75.0,Automatic targeting,Dynamic bids - up and down,18255,,203,,1.1119999999999999%,$107.21,,$0.5281281,$0.0,32,24.223%,4.13,$442.6
"Aug 08, 2026",2026_Portfolio,Sponsored Products,SP_AUTO_CARROT_260713,Amazon,United States,ENABLED,USD,$65.0,Automatic targeting,Dynamic bids - up and down,10885,,64,,0.588%,$43.05,,$0.6726563,$0.0,19,12.805%,7.81,$336.2
"Aug 08, 2026",2026_Portfolio,Sponsored Products,SP_KEYWORD_RICE_General_260713,Amazon,United States,ENABLED,USD,$65.0,Manual targeting,Dynamic bids - up and down,1500,,7,,0.46699999999999997%,$3.41,,$0.4871429,$0.0,0,0.0%,0.0,$0.0
"Aug 09, 2026",2026_Portfolio,Sponsored Products,SP_KEYWORD_RICE_Branded_260713,Amazon,United States,ENABLED,USD,$39.0,Manual targeting,Dynamic bids - up and down,7978,,186,,2.331%,$33.23,,$0.1786559,$0.0,11,22.59%,4.43,$147.1
"Aug 09, 2026",2026_Portfolio,Sponsored Products,SP_KEYWORD_RICE_General_260713,Amazon,United States,ENABLED,USD,$65.0,Manual targeting,Dynamic bids - up and down,1847,,16,,0.8659999999999999%,$8.94,,$0.55875,$0.0,1,90.303%,1.11,$9.9
"Aug 09, 2026",2026_Portfolio,Sponsored Products,SP_AUTO_CARROT_260713,Amazon,United States,ENABLED,USD,$65.0,Automatic targeting,Dynamic bids - up and down,12290,,102,,0.83%,$58.98,,$0.5782353,$0.0,27,12.457%,8.03,$473.47
"Aug 09, 2026",2026_Portfolio,Sponsored Products,SP_AUTO_RICE_260713,Amazon,United States,ENABLED,USD,$75.0,Automatic targeting,Dynamic bids - up and down,19891,,224,,1.126%,$122.72,,$0.5478571,$0.0,28,33.043%,3.03,$371.4
"Aug 10, 2026",2026_Portfolio,Sponsored Products,SP_KEYWORD_RICE_Branded_260713,Amazon,United States,ENABLED,USD,$39.0,Manual targeting,Dynamic bids - up and down,8470,,238,,2.81%,$32.17,,$0.13516809999999999,$0.0,11,23.812%,4.2,$135.1
"Aug 10, 2026",2026_Portfolio,Sponsored Products,SP_KEYWORD_RICE_General_260713,Amazon,United States,ENABLED,USD,$65.0,Manual targeting,Dynamic bids - up and down,1664,,8,,0.481%,$3.95,,$0.49375,$0.0,0,0.0%,0.0,$0.0
"Aug 10, 2026",2026_Portfolio,Sponsored Products,SP_AUTO_CARROT_260713,Amazon,United States,ENABLED,USD,$65.0,Automatic targeting,Dynamic bids - up and down,13302,,74,,0.5559999999999999%,$45.38,,$0.6132432,$0.0,14,16.614%,6.02,$273.15
"Aug 10, 2026",2026_Portfolio,Sponsored Products,SP_AUTO_RICE_260713,Amazon,United States,ENABLED,USD,$75.0,Automatic targeting,Dynamic bids - up and down,14304,,189,,1.321%,$102.25,,$0.5410053,$0.0,36,22.86%,4.37,$447.29
"Aug 11, 2026",2026_Portfolio,Sponsored Products,SP_AUTO_CARROT_260713,Amazon,United States,ENABLED,USD,$65.0,Automatic targeting,Dynamic bids - up and down,16046,,56,,0.349%,$30.22,,$0.5396429,$0.0,10,15.504999999999999%,6.45,$194.9
"Aug 11, 2026",2026_Portfolio,Sponsored Products,SP_AUTO_RICE_260713,Amazon,United States,ENABLED,USD,$75.0,Automatic targeting,Dynamic bids - up and down,13975,,167,,1.195%,$93.99,,$0.5628144,$0.0,19,38.934999999999995%,2.57,$241.4
"Aug 11, 2026",2026_Portfolio,Sponsored Products,SP_KEYWORD_RICE_General_260713,Amazon,United States,ENABLED,USD,$65.0,Manual targeting,Dynamic bids - up and down,1448,,10,,0.6910000000000001%,$5.33,,$0.5329999999999999,$0.0,1,53.837999999999994%,1.86,$9.9
"Aug 11, 2026",2026_Portfolio,Sponsored Products,SP_KEYWORD_RICE_Branded_260713,Amazon,United States,ENABLED,USD,$39.0,Manual targeting,Dynamic bids - up and down,7086,,185,,2.611%,$24.83,,$0.1342162,$0.0,12,17.029%,5.87,$145.81
"Aug 12, 2026",2026_Portfolio,Sponsored Products,SP_AUTO_RICE_260713,Amazon,United States,ENABLED,USD,$75.0,Automatic targeting,Dynamic bids - up and down,17512,,232,,1.325%,$137.88,,$0.5943103,$0.0,42,24.556%,4.07,$561.5
"Aug 12, 2026",2026_Portfolio,Sponsored Products,SP_KEYWORD_RICE_General_260713,Amazon,United States,ENABLED,USD,$65.0,Manual targeting,Dynamic bids - up and down,2393,,13,,0.543%,$9.88,,$0.76,$0.0,7,11.859%,8.43,$83.31
"Aug 12, 2026",2026_Portfolio,Sponsored Products,SP_KEYWORD_RICE_Branded_260713,Amazon,United States,ENABLED,USD,$39.0,Manual targeting,Dynamic bids - up and down,5119,,114,,2.2270000000000003%,$24.24,,$0.2126316,$0.0,15,12.834000000000001%,7.79,$188.87
"Aug 12, 2026",2026_Portfolio,Sponsored Products,SP_AUTO_CARROT_260713,Amazon,United States,ENABLED,USD,$65.0,Automatic targeting,Dynamic bids - up and down,14594,,63,,0.432%,$37.25,,$0.5912698000000001,$0.0,19,11.033999999999999%,9.06,$337.6
"Aug 13, 2026",2026_Portfolio,Sponsored Products,SP_AUTO_CARROT_260713,Amazon,United States,ENABLED,USD,$65.0,Automatic targeting,Dynamic bids - up and down,11573,,57,,0.49300000000000005%,$37.12,,$0.6512281,$0.0,14,14.466000000000001%,6.91,$256.6
"Aug 13, 2026",2026_Portfolio,Sponsored Products,SP_KEYWORD_RICE_Branded_260713,Amazon,United States,ENABLED,USD,$39.0,Manual targeting,Dynamic bids - up and down,5760,,142,,2.465%,$32.43,,$0.2283803,$0.0,21,11.476%,8.71,$282.6
"Aug 13, 2026",2026_Portfolio,Sponsored Products,SP_AUTO_RICE_260713,Amazon,United States,ENABLED,USD,$75.0,Automatic targeting,Dynamic bids - up and down,17913,,213,,1.189%,$117.19,,$0.5501878,$0.0,34,28.016999999999996%,3.57,$418.28
"Aug 13, 2026",2026_Portfolio,Sponsored Products,SP_KEYWORD_RICE_General_260713,Amazon,United States,ENABLED,USD,$65.0,Manual targeting,Dynamic bids - up and down,1933,,18,,0.931%,$13.65,,$0.7583333,$0.0,5,28.804000000000002%,3.47,$47.39
"Aug 14, 2026",2026_Portfolio,Sponsored Products,SP_AUTO_RICE_260713,Amazon,United States,ENABLED,USD,$75.0,Automatic targeting,Dynamic bids - up and down,17664,,220,,1.2449999999999999%,$121.43,,$0.5519545,$0.0,27,36.341%,2.75,$334.14
"Aug 14, 2026",2026_Portfolio,Sponsored Products,SP_KEYWORD_RICE_General_260713,Amazon,United States,ENABLED,USD,$65.0,Manual targeting,Dynamic bids - up and down,1765,,21,,1.1900000000000002%,$15.34,,$0.7304761999999999,$0.0,5,21.518%,4.65,$71.29
"Aug 14, 2026",2026_Portfolio,Sponsored Products,SP_AUTO_CARROT_260713,Amazon,United States,ENABLED,USD,$65.0,Automatic targeting,Dynamic bids - up and down,9760,,69,,0.707%,$38.85,,$0.5630435,$0.0,8,25.694%,3.89,$151.2
"Aug 14, 2026",2026_Portfolio,Sponsored Products,SP_KEYWORD_RICE_Branded_260713,Amazon,United States,ENABLED,USD,$39.0,Manual targeting,Dynamic bids - up and down,6543,,143,,2.186%,$24.65,,$0.17237760000000002,$0.0,5,32.434000000000005%,3.08,$76.0
"Aug 15, 2026",2026_Portfolio,Sponsored Products,SP_KEYWORD_RICE_General_260713,Amazon,United States,ENABLED,USD,$65.0,Manual targeting,Dynamic bids - up and down,1991,,10,,0.502%,$7.1,,$0.71,$0.0,2,37.988%,2.63,$18.69
"Aug 15, 2026",2026_Portfolio,Sponsored Products,SP_AUTO_RICE_260713,Amazon,United States,ENABLED,USD,$75.0,Automatic targeting,Dynamic bids - up and down,23436,,230,,0.9809999999999999%,$127.12,,$0.5526957,$0.0,27,36.541000000000004%,2.74,$347.88
"Aug 15, 2026",2026_Portfolio,Sponsored Products,SP_AUTO_CARROT_260713,Amazon,United States,ENABLED,USD,$65.0,Automatic targeting,Dynamic bids - up and down,8794,,42,,0.47800000000000004%,$27.08,,$0.6447619,$0.0,9,16.706%,5.99,$162.1
"Aug 15, 2026",2026_Portfolio,Sponsored Products,SP_KEYWORD_RICE_Branded_260713,Amazon,United States,ENABLED,USD,$39.0,Manual targeting,Dynamic bids - up and down,6555,,159,,2.426%,$34.98,,$0.22,$0.0,12,20.724999999999998%,4.83,$168.78
"Aug 16, 2026",2026_Portfolio,Sponsored Products,SP_AUTO_RICE_260713,Amazon,United States,ENABLED,USD,$75.0,Automatic targeting,Dynamic bids - up and down,21363,,231,,1.081%,$131.7,,$0.5701299,$0.0,36,27.657999999999998%,3.62,$476.17
"Aug 16, 2026",2026_Portfolio,Sponsored Products,SP_KEYWORD_RICE_Branded_260713,Amazon,United States,ENABLED,USD,$39.0,Manual targeting,Dynamic bids - up and down,6450,,135,,2.093%,$31.84,,$0.2358519,$0.0,19,11.517%,8.68,$276.46
"Aug 16, 2026",2026_Portfolio,Sponsored Products,SP_KEYWORD_RICE_General_260713,Amazon,United States,ENABLED,USD,$65.0,Manual targeting,Dynamic bids - up and down,1692,,23,,1.359%,$15.33,,$0.6665217,$0.0,7,18.956%,5.28,$80.87
"Aug 16, 2026",2026_Portfolio,Sponsored Products,SP_AUTO_CARROT_260713,Amazon,United States,ENABLED,USD,$65.0,Automatic targeting,Dynamic bids - up and down,11134,,56,,0.503%,$35.74,,$0.6382143,$0.0,18,10.983%,9.1,$325.4
"Aug 17, 2026",2026_Portfolio,Sponsored Products,SP_KEYWORD_RICE_Branded_260713,Amazon,United States,ENABLED,USD,$39.0,Manual targeting,Dynamic bids - up and down,12740,,149,,1.17%,$49.93,,$0.3351007,$0.0,15,26.566000000000003%,3.76,$187.95
"Aug 17, 2026",2026_Portfolio,Sponsored Products,SP_KEYWORD_RICE_General_260713,Amazon,United States,ENABLED,USD,$65.0,Manual targeting,Dynamic bids - up and down,5980,,21,,0.35100000000000003%,$11.9,,$0.5666667000000001,$0.0,3,39.042%,2.56,$30.48
"Aug 17, 2026",2026_Portfolio,Sponsored Products,SP_AUTO_CARROT_260713,Amazon,United States,ENABLED,USD,$65.0,Automatic targeting,Dynamic bids - up and down,256394,,106,,0.041%,$57.95,,$0.5466981,$0.0,25,13.791999999999998%,7.25,$420.16
"Aug 17, 2026",2026_Portfolio,Sponsored Products,SP_AUTO_RICE_260713,Amazon,United States,ENABLED,USD,$75.0,Automatic targeting,Dynamic bids - up and down,144475,,264,,0.183%,$136.29,,$0.51625,$0.0,43,22.339000000000002%,4.48,$610.11
"Aug 18, 2026",2026_Portfolio,Sponsored Products,SP_KEYWORD_RICE_General_260713,Amazon,United States,ENABLED,USD,$65.0,Manual targeting,Dynamic bids - up and down,9049,,39,,0.43099999999999994%,$32.19,,$0.8253846,$0.0,13,24.099999999999998%,4.15,$133.57
"Aug 18, 2026",2026_Portfolio,Sponsored Products,SP_AUTO_RICE_260713,Amazon,United States,ENABLED,USD,$75.0,Automatic targeting,Dynamic bids - up and down,112431,,186,,0.165%,$81.4,,$0.43763440000000003,$0.0,31,20.366%,4.91,$399.68
"Aug 18, 2026",2026_Portfolio,Sponsored Products,SP_AUTO_CARROT_260713,Amazon,United States,ENABLED,USD,$65.0,Automatic targeting,Dynamic bids - up and down,198311,,108,,0.054%,$44.28,,$0.41,$0.0,25,10.027999999999999%,9.97,$441.58
"Aug 18, 2026",2026_Portfolio,Sponsored Products,SP_KEYWORD_RICE_Branded_260713,Amazon,United States,ENABLED,USD,$39.0,Manual targeting,Dynamic bids - up and down,13835,,156,,1.1280000000000001%,$55.42,,$0.3552564,$0.0,21,17.875%,5.59,$310.04
"Aug 19, 2026",2026_Portfolio,Sponsored Products,SP_KEYWORD_RICE_Branded_260713,Amazon,United States,ENABLED,USD,$39.0,Manual targeting,Dynamic bids - up and down,11052,,170,,1.538%,$46.52,,$0.2736471,$0.0,20,18.493000000000002%,5.41,$251.55
"Aug 19, 2026",2026_Portfolio,Sponsored Products,SP_AUTO_CARROT_260713,Amazon,United States,ENABLED,USD,$65.0,Automatic targeting,Dynamic bids - up and down,114873,,96,,0.084%,$41.24,,$0.42958329999999995,$0.0,24,7.806%,12.81,$528.3
"Aug 19, 2026",2026_Portfolio,Sponsored Products,SP_KEYWORD_RICE_General_260713,Amazon,United States,ENABLED,USD,$65.0,Manual targeting,Dynamic bids - up and down,8002,,42,,0.525%,$35.14,,$0.8366667,$0.0,12,32.036%,3.12,$109.69
"Aug 19, 2026",2026_Portfolio,Sponsored Products,SP_AUTO_RICE_260713,Amazon,United States,ENABLED,USD,$75.0,Automatic targeting,Dynamic bids - up and down,77471,,247,,0.319%,$100.13,,$0.4053846,$0.0,28,30.158%,3.32,$332.02
"Aug 20, 2026",2026_Portfolio,Sponsored Products,SP_AUTO_CARROT_260713,Amazon,United States,ENABLED,USD,$65.0,Automatic targeting,Dynamic bids - up and down,45895,,118,,0.257%,$52.09,,$0.4414407,$0.0,20,15.489%,6.46,$336.3
"Aug 20, 2026",2026_Portfolio,Sponsored Products,SP_KEYWORD_RICE_General_260713,Amazon,United States,ENABLED,USD,$65.0,Manual targeting,Dynamic bids - up and down,6695,,36,,0.538%,$29.48,,$0.8188889,$0.0,4,83.845%,1.19,$35.16
"Aug 20, 2026",2026_Portfolio,Sponsored Products,SP_AUTO_RICE_260713,Amazon,United States,ENABLED,USD,$75.0,Automatic targeting,Dynamic bids - up and down,51797,,256,,0.494%,$104.34,,$0.4075781,$0.0,38,22.539%,4.44,$462.94
"Aug 20, 2026",2026_Portfolio,Sponsored Products,SP_KEYWORD_RICE_Branded_260713,Amazon,United States,ENABLED,USD,$39.0,Manual targeting,Dynamic bids - up and down,4478,,137,,3.0589999999999997%,$17.99,,$0.13131389999999998,$0.0,7,19.516%,5.12,$92.18
"Aug 21, 2026",2026_Portfolio,Sponsored Products,SP_KEYWORD_RICE_Branded_260713,Amazon,United States,ENABLED,USD,$39.0,Manual targeting,Dynamic bids - up and down,4206,,126,,2.996%,$19.03,,$0.1510317,$0.0,11,14.32%,6.98,$132.89
"Aug 21, 2026",2026_Portfolio,Sponsored Products,SP_KEYWORD_RICE_General_260713,Amazon,United States,ENABLED,USD,$65.0,Manual targeting,Dynamic bids - up and down,6062,,29,,0.47800000000000004%,$21.38,,$0.7372414,$0.0,1,243.23100000000002%,0.41,$8.79
"Aug 21, 2026",2026_Portfolio,Sponsored Products,SP_AUTO_CARROT_260713,Amazon,United States,ENABLED,USD,$65.0,Automatic targeting,Dynamic bids - up and down,37562,,130,,0.346%,$55.71,,$0.4285385,$0.0,30,11.692%,8.55,$476.5
"Aug 21, 2026",2026_Portfolio,Sponsored Products,SP_AUTO_RICE_260713,Amazon,United States,ENABLED,USD,$75.0,Automatic targeting,Dynamic bids - up and down,43356,,209,,0.482%,$86.9,,$0.4157895,$0.0,21,32.946999999999996%,3.04,$263.76
"Aug 22, 2026",2026_Portfolio,Sponsored Products,SP_AUTO_RICE_260713,Amazon,United States,ENABLED,USD,$75.0,Automatic targeting,Dynamic bids - up and down,25480,,173,,0.679%,$74.82,,$0.4324855,$0.0,26,23.299%,4.29,$321.13
"Aug 22, 2026",2026_Portfolio,Sponsored Products,SP_KEYWORD_RICE_General_260713,Amazon,United States,ENABLED,USD,$65.0,Manual targeting,Dynamic bids - up and down,4729,,45,,0.9520000000000001%,$48.14,,$1.0697778,$0.0,11,49.223%,2.03,$97.8
"Aug 22, 2026",2026_Portfolio,Sponsored Products,SP_AUTO_CARROT_260713,Amazon,United States,ENABLED,USD,$65.0,Automatic targeting,Dynamic bids - up and down,25257,,90,,0.356%,$40.56,,$0.45066670000000003,$0.0,22,11.818%,8.46,$343.2
"Aug 22, 2026",2026_Portfolio,Sponsored Products,SP_KEYWORD_RICE_Branded_260713,Amazon,United States,ENABLED,USD,$39.0,Manual targeting,Dynamic bids - up and down,5896,,148,,2.5100000000000002%,$28.21,,$0.1906081,$0.0,7,36.556%,2.74,$77.17
"Aug 23, 2026",2026_Portfolio,Sponsored Products,SP_KEYWORD_RICE_General_260713,Amazon,United States,ENABLED,USD,$65.0,Manual targeting,Dynamic bids - up and down,5722,,54,,0.9440000000000001%,$48.47,,$0.8975926,$0.0,14,31.696%,3.15,$152.92
"Aug 23, 2026",2026_Portfolio,Sponsored Products,SP_AUTO_RICE_260713,Amazon,United States,ENABLED,USD,$75.0,Automatic targeting,Dynamic bids - up and down,20138,,157,,0.7799999999999999%,$70.23,,$0.4473248,$0.0,23,23.893%,4.19,$293.93
"Aug 23, 2026",2026_Portfolio,Sponsored Products,SP_KEYWORD_RICE_Branded_260713,Amazon,United States,ENABLED,USD,$39.0,Manual targeting,Dynamic bids - up and down,6260,,143,,2.284%,$32.26,,$0.22559439999999997,$0.0,14,18.917%,5.29,$170.53
"Aug 23, 2026",2026_Portfolio,Sponsored Products,SP_AUTO_CARROT_260713,Amazon,United States,ENABLED,USD,$65.0,Automatic targeting,Dynamic bids - up and down,25151,,105,,0.41700000000000004%,$47.06,,$0.4481905,$0.0,31,8.715%,11.47,$540.0
"Aug 24, 2026",2026_Portfolio,Sponsored Products,SP_KEYWORD_RICE_General_260713,Amazon,United States,ENABLED,USD,$65.0,Manual targeting,Dynamic bids - up and down,1822,,32,,1.756%,$29.74,,$0.929375,$0.0,6,46.909%,2.13,$63.4
"Aug 24, 2026",2026_Portfolio,Sponsored Products,SP_AUTO_CARROT_260713,Amazon,United States,ENABLED,USD,$65.0,Automatic targeting,Dynamic bids - up and down,10316,,58,,0.562%,$33.23,,$0.5729310000000001,$0.0,14,14.133999999999999%,7.07,$235.1
"Aug 24, 2026",2026_Portfolio,Sponsored Products,SP_KEYWORD_RICE_Branded_260713,Amazon,United States,ENABLED,USD,$39.0,Manual targeting,Dynamic bids - up and down,4534,,105,,2.316%,$26.88,,$0.256,$0.0,6,37.126999999999995%,2.69,$72.4
"Aug 24, 2026",2026_Portfolio,Sponsored Products,SP_AUTO_RICE_260713,Amazon,United States,ENABLED,USD,$75.0,Automatic targeting,Dynamic bids - up and down,10851,,123,,1.134%,$61.02,,$0.4960976,$0.0,11,46.122%,2.17,$132.3
"Aug 25, 2026",2026_Portfolio,Sponsored Products,SP_AUTO_CARROT_260713,Amazon,United States,ENABLED,USD,$65.0,Automatic targeting,Dynamic bids - up and down,9864,,67,,0.679%,$34.71,,$0.5180597,$0.0,18,10.071%,9.93,$344.65
"Aug 25, 2026",2026_Portfolio,Sponsored Products,SP_KEYWORD_RICE_General_260713,Amazon,United States,ENABLED,USD,$65.0,Manual targeting,Dynamic bids - up and down,1276,,21,,1.646%,$16.15,,$0.7690475999999999,$0.0,3,54.376999999999995%,1.84,$29.7
"Aug 25, 2026",2026_Portfolio,Sponsored Products,SP_KEYWORD_RICE_Branded_260713,Amazon,United States,ENABLED,USD,$39.0,Manual targeting,Dynamic bids - up and down,1407,,18,,1.279%,$10.07,,$0.5594444,$0.0,4,25.429000000000002%,3.93,$39.6
"Aug 25, 2026",2026_Portfolio,Sponsored Products,SP_AUTO_RICE_260713,Amazon,United States,ENABLED,USD,$75.0,Automatic targeting,Dynamic bids - up and down,6422,,71,,1.106%,$35.57,,$0.5009859,$0.0,12,23.155%,4.32,$153.62
"Aug 26, 2026",2026_Portfolio,Sponsored Products,SP_KEYWORD_RICE_General_260713,Amazon,United States,ENABLED,USD,$65.0,Manual targeting,Dynamic bids - up and down,1338,,26,,1.9429999999999998%,$21.13,,$0.8126922999999999,$0.0,6,33.861999999999995%,2.95,$62.4
"Aug 26, 2026",2026_Portfolio,Sponsored Products,SP_AUTO_CARROT_260713,Amazon,United States,ENABLED,USD,$65.0,Automatic targeting,Dynamic bids - up and down,9545,,59,,0.618%,$35.06,,$0.5942373,$0.0,7,23.729%,4.21,$147.75
"Aug 26, 2026",2026_Portfolio,Sponsored Products,SP_AUTO_RICE_260713,Amazon,United States,ENABLED,USD,$75.0,Automatic targeting,Dynamic bids - up and down,4113,,59,,1.434%,$33.36,,$0.5654237,$0.0,13,20.291999999999998%,4.93,$164.4
"Aug 26, 2026",2026_Portfolio,Sponsored Products,SP_KEYWORD_RICE_Branded_260713,Amazon,United States,ENABLED,USD,$39.0,Manual targeting,Dynamic bids - up and down,1697,,25,,1.473%,$12.89,,$0.5156000000000001,$0.0,10,9.637%,10.38,$133.75
"Aug 27, 2026",2026_Portfolio,Sponsored Products,SP_KEYWORD_RICE_Branded_260713,Amazon,United States,ENABLED,USD,$39.0,Manual targeting,Dynamic bids - up and down,2103,,41,,1.95%,$21.84,,$0.5326829,$0.0,7,27.063%,3.7,$80.7
"Aug 27, 2026",2026_Portfolio,Sponsored Products,SP_KEYWORD_RICE_General_260713,Amazon,United States,ENABLED,USD,$65.0,Manual targeting,Dynamic bids - up and down,1338,,26,,1.9429999999999998%,$23.15,,$0.8903846,$0.0,3,77.946%,1.28,$29.7
"Aug 27, 2026",2026_Portfolio,Sponsored Products,SP_AUTO_RICE_260713,Amazon,United States,ENABLED,USD,$75.0,Automatic targeting,Dynamic bids - up and down,5610,,105,,1.872%,$56.59,,$0.5389524,$0.0,10,31.058999999999997%,3.22,$182.2
"Aug 27, 2026",2026_Portfolio,Sponsored Products,SP_AUTO_CARROT_260713,Amazon,United States,ENABLED,USD,$65.0,Automatic targeting,Dynamic bids - up and down,9356,,68,,0.7270000000000001%,$40.79,,$0.5998529,$0.0,16,13.501%,7.41,$302.12
"Aug 28, 2026",2026_Portfolio,Sponsored Products,SP_AUTO_CARROT_260713,Amazon,United States,ENABLED,USD,$65.0,Automatic targeting,Dynamic bids - up and down,12403,,49,,0.395%,$30.38,,$0.62,$0.0,15,11.349%,8.81,$267.68
"Aug 28, 2026",2026_Portfolio,Sponsored Products,SP_KEYWORD_RICE_Branded_260713,Amazon,United States,ENABLED,USD,$39.0,Manual targeting,Dynamic bids - up and down,2116,,29,,1.371%,$13.46,,$0.4641379,$0.0,6,19.592000000000002%,5.1,$68.7
"Aug 28, 2026",2026_Portfolio,Sponsored Products,SP_KEYWORD_RICE_General_260713,Amazon,United States,ENABLED,USD,$65.0,Manual targeting,Dynamic bids - up and down,1479,,28,,1.8929999999999998%,$24.66,,$0.8807143000000001,$0.0,3,83.03%,1.2,$29.7
"Aug 28, 2026",2026_Portfolio,Sponsored Products,SP_AUTO_RICE_260713,Amazon,United States,ENABLED,USD,$75.0,Automatic targeting,Dynamic bids - up and down,4358,,59,,1.354%,$34.43,,$0.5835593,$0.0,15,19.573999999999998%,5.11,$175.9
"Aug 29, 2026",2026_Portfolio,Sponsored Products,SP_AUTO_CARROT_260713,Amazon,United States,ENABLED,USD,$65.0,Automatic targeting,Dynamic bids - up and down,14011,,72,,0.514%,$48.74,,$0.6769444,$0.0,16,16.746%,5.97,$291.05
"Aug 29, 2026",2026_Portfolio,Sponsored Products,SP_KEYWORD_RICE_General_260713,Amazon,United States,ENABLED,USD,$65.0,Manual targeting,Dynamic bids - up and down,1832,,31,,1.6920000000000002%,$28.22,,$0.9103226,$0.0,3,95.017%,1.05,$29.7
"Aug 29, 2026",2026_Portfolio,Sponsored Products,SP_AUTO_RICE_260713,Amazon,United States,ENABLED,USD,$75.0,Automatic targeting,Dynamic bids - up and down,6079,,98,,1.6119999999999999%,$53.7,,$0.5479592,$0.0,13,33.169%,3.01,$161.9
"Aug 29, 2026",2026_Portfolio,Sponsored Products,SP_KEYWORD_RICE_Branded_260713,Amazon,United States,ENABLED,USD,$39.0,Manual targeting,Dynamic bids - up and down,2634,,37,,1.405%,$16.21,,$0.43810809999999994,$0.0,17,5.708%,17.52,$284.0
"Aug 30, 2026",2026_Portfolio,Sponsored Products,SP_AUTO_RICE_260713,Amazon,United States,ENABLED,USD,$75.0,Automatic targeting,Dynamic bids - up and down,8359,,122,,1.46%,$64.35,,$0.527459,$0.0,22,20.512%,4.88,$313.72
"Aug 30, 2026",2026_Portfolio,Sponsored Products,SP_KEYWORD_RICE_Branded_260713,Amazon,United States,ENABLED,USD,$39.0,Manual targeting,Dynamic bids - up and down,3274,,63,,1.924%,$29.47,,$0.4677778,$0.0,14,13.435%,7.44,$219.35
"Aug 30, 2026",2026_Portfolio,Sponsored Products,SP_KEYWORD_RICE_General_260713,Amazon,United States,ENABLED,USD,$65.0,Manual targeting,Dynamic bids - up and down,1783,,20,,1.122%,$16.63,,$0.8315,$0.0,5,33.596%,2.98,$49.5
"Aug 30, 2026",2026_Portfolio,Sponsored Products,SP_AUTO_CARROT_260713,Amazon,United States,ENABLED,USD,$65.0,Automatic targeting,Dynamic bids - up and down,15091,,77,,0.51%,$50.18,,$0.6516883,$0.0,22,12.272%,8.15,$408.9
"Aug 31, 2026",2026_Portfolio,Sponsored Products,SP_AUTO_RICE_260713,Amazon,United States,ENABLED,USD,$75.0,Automatic targeting,Dynamic bids - up and down,7200,,115,,1.5970000000000002%,$59.88,,$0.5206957,$0.0,13,38.833%,2.58,$154.2
"Aug 31, 2026",2026_Portfolio,Sponsored Products,SP_KEYWORD_RICE_General_260713,Amazon,United States,ENABLED,USD,$65.0,Manual targeting,Dynamic bids - up and down,1851,,26,,1.405%,$20.29,,$0.7803846,$0.0,3,68.316%,1.46,$29.7
"Aug 31, 2026",2026_Portfolio,Sponsored Products,SP_KEYWORD_RICE_Branded_260713,Amazon,United States,ENABLED,USD,$39.0,Manual targeting,Dynamic bids - up and down,3022,,51,,1.688%,$24.26,,$0.4756863,$0.0,10,16.024%,6.24,$151.4
"Aug 31, 2026",2026_Portfolio,Sponsored Products,SP_AUTO_CARROT_260713,Amazon,United States,ENABLED,USD,$65.0,Automatic targeting,Dynamic bids - up and down,14306,,56,,0.391%,$33.86,,$0.6046429,$0.0,6,29.859%,3.35,$113.4
"Sep 01, 2026",2026_Portfolio,Sponsored Products,SP_KEYWORD_Carrot_Brand/General_260901,Amazon,United States,ENABLED,USD,$32.0,Manual targeting,Dynamic bids - up and down,793,,8,,1.009%,$6.45,,$0.80625,$0.0,2,17.063%,5.86,$37.8
"Sep 01, 2026",2026_Portfolio,Sponsored Products,SP_KEYWORD_RICE_Branded_260713,Amazon,United States,ENABLED,USD,$39.0,Manual targeting,Dynamic bids - up and down,3179,,55,,1.73%,$25.87,,$0.4703636,$0.0,4,62.038000000000004%,1.61,$41.7
"Sep 01, 2026",2026_Portfolio,Sponsored Products,SP_AUTO_RICE_260713,Amazon,United States,ENABLED,USD,$75.0,Automatic targeting,Dynamic bids - up and down,8243,,111,,1.347%,$53.73,,$0.48405410000000004,$0.0,10,42.95%,2.33,$125.1
"Sep 01, 2026",2026_Portfolio,Sponsored Products,SP_AUTO_CARROT_260713,Amazon,United States,ENABLED,USD,$65.0,Automatic targeting,Dynamic bids - up and down,10818,,44,,0.407%,$28.6,,$0.65,$0.0,7,21.296%,4.7,$134.3
"Sep 01, 2026",2026_Portfolio,Sponsored Products,SP_KEYWORD_RICE_General_260713,Amazon,United States,ENABLED,USD,$65.0,Manual targeting,Dynamic bids - up and down,1984,,31,,1.5630000000000002%,$25.2,,$0.8129031999999999,$0.0,8,31.818%,3.14,$79.2
"Sep 02, 2026",2026_Portfolio,Sponsored Products,SP_AUTO_CARROT_260713,Amazon,United States,ENABLED,USD,$65.0,Automatic targeting,Dynamic bids - up and down,12515,,38,,0.304%,$53.52,,$1.4084211,$0.0,5,56.635000000000005%,1.77,$94.5
"Sep 02, 2026",2026_Portfolio,Sponsored Products,SP_KEYWORD_Carrot_Brand/General_260901,Amazon,United States,ENABLED,USD,$32.0,Manual targeting,Dynamic bids - up and down,3999,,30,,0.75%,$42.16,,$1.4053333000000001,$0.0,3,74.356%,1.34,$56.7
"Sep 02, 2026",2026_Portfolio,Sponsored Products,SP_KEYWORD_RICE_Branded_260713,Amazon,United States,ENABLED,USD,$39.0,Manual targeting,Dynamic bids - up and down,6647,,49,,0.737%,$45.8,,$0.9346939000000001,$0.0,14,24.424%,4.09,$187.52
"Sep 02, 2026",2026_Portfolio,Sponsored Products,SP_KEYWORD_RICE_General_260713,Amazon,United States,ENABLED,USD,$65.0,Manual targeting,Dynamic bids - up and down,4430,,25,,0.5640000000000001%,$77.52,,$3.1008,$0.0,4,195.758%,0.51,$39.6
"Sep 02, 2026",2026_Portfolio,Sponsored Products,SP_AUTO_RICE_260713,Amazon,United States,ENABLED,USD,$75.0,Automatic targeting,Dynamic bids - up and down,8642,,50,,0.579%,$86.17,,$1.7234,$0.0,4,174.081%,0.57,$49.5
"Sep 03, 2026",2026_Portfolio,Sponsored Products,SP_KEYWORD_RICE_Branded_260713,Amazon,United States,ENABLED,USD,$39.0,Manual targeting,Dynamic bids - up and down,4781,,55,,1.15%,$42.83,,$0.7787273,$0.0,16,21.119%,4.73,$202.8
"Sep 03, 2026",2026_Portfolio,Sponsored Products,SP_AUTO_RICE_260713,Amazon,United States,ENABLED,USD,$75.0,Automatic targeting,Dynamic bids - up and down,12411,,89,,0.717%,$95.05,,$1.0679775,$0.0,7,93.461%,1.07,$101.7
"Sep 03, 2026",2026_Portfolio,Sponsored Products,SP_KEYWORD_RICE_General_260713,Amazon,United States,ENABLED,USD,$65.0,Manual targeting,Dynamic bids - up and down,6759,,41,,0.607%,$82.33,,$2.0080488,$0.0,4,207.904%,0.48,$39.6
"Sep 03, 2026",2026_Portfolio,Sponsored Products,SP_KEYWORD_Carrot_Brand/General_260901,Amazon,United States,ENABLED,USD,$32.0,Manual targeting,Dynamic bids - up and down,1220,,14,,1.1480000000000001%,$13.39,,$0.9564286,$0.0,4,17.956%,5.57,$74.57
"Sep 03, 2026",2026_Portfolio,Sponsored Products,SP_AUTO_CARROT_260713,Amazon,United States,ENABLED,USD,$65.0,Automatic targeting,Dynamic bids - up and down,7502,,58,,0.773%,$50.45,,$0.8698276,$0.0,8,33.366%,3.0,$151.2
"Sep 04, 2026",2026_Portfolio,Sponsored Products,SP_AUTO_CARROT_260713,Amazon,United States,ENABLED,USD,$65.0,Automatic targeting,Dynamic bids - up and down,9398,,67,,0.713%,$66.37,,$0.9905970000000001,$0.0,9,35.369%,2.83,$187.65
"Sep 04, 2026",2026_Portfolio,Sponsored Products,SP_AUTO_RICE_260713,Amazon,United States,ENABLED,USD,$75.0,Automatic targeting,Dynamic bids - up and down,11579,,77,,0.6649999999999999%,$75.71,,$0.9832468,$0.0,7,91.327%,1.09,$82.9
"Sep 04, 2026",2026_Portfolio,Sponsored Products,SP_KEYWORD_RICE_General_260713,Amazon,United States,ENABLED,USD,$65.0,Manual targeting,Dynamic bids - up and down,5358,,38,,0.709%,$66.52,,$1.7505263,$0.0,6,111.987%,0.89,$59.4
"Sep 04, 2026",2026_Portfolio,Sponsored Products,SP_KEYWORD_Carrot_Brand/General_260901,Amazon,United States,ENABLED,USD,$32.0,Manual targeting,Dynamic bids - up and down,1948,,13,,0.6669999999999999%,$9.68,,$0.7446154,$0.0,2,25.607999999999997%,3.9,$37.8
"Sep 04, 2026",2026_Portfolio,Sponsored Products,SP_KEYWORD_RICE_Branded_260713,Amazon,United States,ENABLED,USD,$39.0,Manual targeting,Dynamic bids - up and down,4723,,53,,1.122%,$30.94,,$0.5837736,$0.0,7,27.045%,3.7,$114.4
"Sep 05, 2026",2026_Portfolio,Sponsored Products,SP_KEYWORD_RICE_Branded_260713,Amazon,United States,ENABLED,USD,$39.0,Manual targeting,Dynamic bids - up and down,5065,,58,,1.145%,$39.4,,$0.6793103,$0.0,7,39.959%,2.5,$98.6
"Sep 05, 2026",2026_Portfolio,Sponsored Products,SP_AUTO_CARROT_260713,Amazon,United States,ENABLED,USD,$65.0,Automatic targeting,Dynamic bids - up and down,13816,,74,,0.536%,$64.37,,$0.8698649,$0.0,5,55.974000000000004%,1.79,$115.0
"Sep 05, 2026",2026_Portfolio,Sponsored Products,SP_KEYWORD_RICE_General_260713,Amazon,United States,ENABLED,USD,$65.0,Manual targeting,Dynamic bids - up and down,6712,,42,,0.626%,$61.52,,$1.4647619,$0.0,7,85.09%,1.18,$72.3
"Sep 05, 2026",2026_Portfolio,Sponsored Products,SP_KEYWORD_Carrot_Brand/General_260901,Amazon,United States,ENABLED,USD,$32.0,Manual targeting,Dynamic bids - up and down,1111,,10,,0.8999999999999999%,$9.31,,$0.9309999999999999,$0.0,3,16.42%,6.09,$56.7
"Sep 05, 2026",2026_Portfolio,Sponsored Products,SP_AUTO_RICE_260713,Amazon,United States,ENABLED,USD,$75.0,Automatic targeting,Dynamic bids - up and down,8551,,67,,0.784%,$76.1,,$1.1358209,$0.0,8,83.352%,1.2,$91.3
"Sep 06, 2026",2026_Portfolio,Sponsored Products,SP_KEYWORD_RICE_General_260713,Amazon,United States,ENABLED,USD,$65.0,Manual targeting,Dynamic bids - up and down,5641,,43,,0.762%,$58.92,,$1.3702326,$0.0,5,119.02999999999999%,0.84,$49.5
"Sep 06, 2026",2026_Portfolio,Sponsored Products,SP_AUTO_RICE_260713,Amazon,United States,ENABLED,USD,$75.0,Automatic targeting,Dynamic bids - up and down,11281,,101,,0.895%,$89.1,,$0.8821782,$0.0,9,79.27%,1.26,$112.4
"Sep 06, 2026",2026_Portfolio,Sponsored Products,SP_AUTO_CARROT_260713,Amazon,United States,ENABLED,USD,$65.0,Automatic targeting,Dynamic bids - up and down,19987,,72,,0.36%,$64.26,,$0.8925,$0.0,6,59.777%,1.67,$107.5
"Sep 06, 2026",2026_Portfolio,Sponsored Products,SP_KEYWORD_RICE_Branded_260713,Amazon,United States,ENABLED,USD,$39.0,Manual targeting,Dynamic bids - up and down,5388,,62,,1.151%,$37.79,,$0.6095161,$0.0,14,18.055%,5.54,$209.3
"Sep 06, 2026",2026_Portfolio,Sponsored Products,SP_KEYWORD_Carrot_Brand/General_260901,Amazon,United States,ENABLED,USD,$32.0,Manual targeting,Dynamic bids - up and down,1964,,19,,0.967%,$19.85,,$1.0447368,$0.0,3,34.136%,2.93,$58.15
"Sep 07, 2026",2026_Portfolio,Sponsored Products,SP_KEYWORD_Carrot_Brand/General_260901,Amazon,United States,ENABLED,USD,$32.0,Manual targeting,Dynamic bids - up and down,1296,,16,,1.2349999999999999%,$13.0,,$0.8125,$0.0,6,10.668999999999999%,9.37,$121.85
"Sep 07, 2026",2026_Portfolio,Sponsored Products,SP_AUTO_CARROT_260713,Amazon,United States,ENABLED,USD,$65.0,Automatic targeting,Dynamic bids - up and down,22221,,83,,0.374%,$72.08,,$0.8684337,$0.0,6,63.563%,1.57,$113.4
"Sep 07, 2026",2026_Portfolio,Sponsored Products,SP_KEYWORD_RICE_General_260713,Amazon,United States,ENABLED,USD,$65.0,Manual targeting,Dynamic bids - up and down,5592,,45,,0.8049999999999999%,$70.0,,$1.5555556000000001,$0.0,11,62.5%,1.6,$112.0
"Sep 07, 2026",2026_Portfolio,Sponsored Products,SP_KEYWORD_RICE_Branded_260713,Amazon,United States,ENABLED,USD,$39.0,Manual targeting,Dynamic bids - up and down,5312,,54,,1.0170000000000001%,$35.7,,$0.6611111,$0.0,7,37.979%,2.63,$94.0
"Sep 07, 2026",2026_Portfolio,Sponsored Products,SP_AUTO_RICE_260713,Amazon,United States,ENABLED,USD,$75.0,Automatic targeting,Dynamic bids - up and down,15064,,86,,0.571%,$89.25,,$1.0377907,$0.0,4,172.965%,0.58,$51.6
"Sep 08, 2026",2026_Portfolio,Sponsored Products,SP_AUTO_RICE_260713,Amazon,United States,ENABLED,USD,$75.0,Automatic targeting,Dynamic bids - up and down,11827,,91,,0.769%,$92.04,,$1.0114286,$0.0,8,99.181%,1.01,$92.8
"Sep 08, 2026",2026_Portfolio,Sponsored Products,SP_KEYWORD_Carrot_Brand/General_260901,Amazon,United States,ENABLED,USD,$32.0,Manual targeting,Dynamic bids - up and down,1966,,18,,0.9159999999999999%,$14.98,,$0.8322221999999999,$0.0,8,9.648%,10.37,$155.27
"Sep 08, 2026",2026_Portfolio,Sponsored Products,SP_AUTO_CARROT_260713,Amazon,United States,ENABLED,USD,$65.0,Automatic targeting,Dynamic bids - up and down,21697,,75,,0.346%,$72.22,,$0.9629333,$0.0,6,63.686%,1.57,$113.4
"Sep 08, 2026",2026_Portfolio,Sponsored Products,SP_KEYWORD_RICE_General_260713,Amazon,United States,ENABLED,USD,$65.0,Manual targeting,Dynamic bids - up and down,7134,,44,,0.617%,$68.56,,$1.5581818,$0.0,9,66.693%,1.5,$102.8
"Sep 08, 2026",2026_Portfolio,Sponsored Products,SP_KEYWORD_RICE_Branded_260713,Amazon,United States,ENABLED,USD,$39.0,Manual targeting,Dynamic bids - up and down,4507,,44,,0.976%,$21.88,,$0.49727269999999996,$0.0,8,18.96%,5.27,$115.4
"Sep 09, 2026",2026_Portfolio,Sponsored Products,SP_AUTO_RICE_260713,Amazon,United States,ENABLED,USD,$75.0,Automatic targeting,Dynamic bids - up and down,13105,,75,,0.5720000000000001%,$79.65,,$1.062,$0.0,10,61.744%,1.62,$129.0
"Sep 09, 2026",2026_Portfolio,Sponsored Products,SP_AUTO_CARROT_260713,Amazon,United States,ENABLED,USD,$65.0,Automatic targeting,Dynamic bids - up and down,23302,,66,,0.28300000000000003%,$60.54,,$0.9172727,$0.0,7,45.76%,2.19,$132.3
"Sep 09, 2026",2026_Portfolio,Sponsored Products,SP_KEYWORD_Carrot_Brand/General_260901,Amazon,United States,ENABLED,USD,$32.0,Manual targeting,Dynamic bids - up and down,1541,,13,,0.844%,$10.23,,$0.7869231000000001,$0.0,2,27.063%,3.7,$37.8
"Sep 09, 2026",2026_Portfolio,Sponsored Products,SP_KEYWORD_RICE_Branded_260713,Amazon,United States,ENABLED,USD,$39.0,Manual targeting,Dynamic bids - up and down,3515,,35,,0.996%,$15.2,,$0.4342857,$0.0,7,14.545%,6.88,$104.5
"Sep 09, 2026",2026_Portfolio,Sponsored Products,SP_KEYWORD_RICE_General_260713,Amazon,United States,ENABLED,USD,$65.0,Manual targeting,Dynamic bids - up and down,5638,,42,,0.745%,$65.83,,$1.5673810000000001,$0.0,7,80.972%,1.23,$81.3
